stride_idx,level,beta_pre,beta_post,delta_beta,beta_max,ess_at_dbeta_chosen,n_smc,theta_dim,chees_L_chosen,chees_score_best,chees_L_candidates,chees_scores,eps_step_size,n_mcmc_moves,total_accepts,accept_frac,log_density_pre_mean,log_density_post_mean,delta_log_density,esjd_total,esjd_per_eps_L,wall_seconds_level
2,1,0.0,1.309545828595577,1.309545828595577,6.547729142977885,563.0331830065776,1024,12,16,19.668989992555897,16;32;64;128;256;512,19.668989992555897;8.467683306888336;6.740667201626338;1.898267848335785;1.6232383492030893;0.31139979394512396,0.2,8,8123,0.9915771484375,3.922337721220174,4.849813490141969,0.927475768921795,45.61274404772308,14.253982514913464,3.3314578533172607
2,2,1.309545828595577,2.619091657191154,1.309545828595577,6.547729142977885,850.547880610859,1024,12,16,21.122098232467035,16;32;64;128;256;512,21.122098232467035;10.156538885141964;7.588573900592289;1.109295520013575;1.2138522664863787;0.30412460385563667,0.2,8,8112,0.990234375,4.849813490141969,5.053261713288521,0.20344822314655175,42.53039733974691,13.29074916867091,3.0936460494995117
2,3,2.619091657191154,3.928637485786731,1.309545828595577,6.547729142977885,931.9159978309667,1024,12,16,28.50278033505086,16;32;64;128;256;512,28.50278033505086;9.303066765212646;6.854563128929527;1.7622039905519389;1.8264435594688202;0.2264529900408425,0.2,8,8081,0.9864501953125,5.053261713288521,5.156855614430242,0.10359390114172129,42.588220903676515,13.30881903239891,2.8335800170898438
2,4,3.928637485786731,5.238183314382308,1.309545828595577,6.547729142977885,973.6340868458018,1024,12,16,19.28889200357908,16;32;64;128;256;512,19.28889200357908;8.85115473394884;6.640188227311244;1.471399154657524;1.18599201377594;0.18724413887678082,0.2,8,8045,0.9820556640625,5.156855614430242,5.202718275504594,0.04586266107435222,42.41319667205362,13.254123960016756,2.928473949432373
2,5,5.238183314382308,6.547729142977885,1.309545828595577,6.547729142977885,989.0931321924004,1024,12,16,18.264732203332162,16;32;64;128;256;512,18.264732203332162;7.980764023051566;5.3307341504521215;1.8231779702932485;1.1558213723504311;0.2210276096670428,0.2,8,8017,0.9786376953125,5.202718275504594,5.2344291684821656,0.03171089297757135,42.453250931053944,13.266640915954357,2.9139890670776367
4,1,0.0,1.714792413772264,1.714792413772264,9.937953301509504,512.0000001418539,1024,12,16,19.296565959795995,16;32;64;128;256;512,19.296565959795995;9.288775240443531;4.278334358918818;1.3473827361996626;1.3461822069823892;0.15643928397412799,0.2,8,8116,0.99072265625,7.560142257088046,8.189316462909119,0.629174205821073,47.118385964757486,14.724495613986713,2.918386936187744
4,2,1.714792413772264,3.702383074074165,1.9875906603019007,9.937953301509504,717.8943144421672,1024,12,16,31.00247735523154,16;32;64;128;256;512,31.00247735523154;7.850644801305918;7.389488969492553;1.9396155943490678;2.029106311895281;0.17540703886343784,0.2,8,8011,0.9779052734375,8.189316462909119,8.449971718686356,0.26065525577723747,45.05264103258745,14.078950322683578,2.765223979949951
4,3,3.702383074074165,5.689973734376066,1.9875906603019011,9.937953301509504,852.1635572625237,1024,12,16,26.914173642371594,16;32;64;128;256;512,26.914173642371594;9.564622486979669;5.944719798435619;1.1463232177871372;1.7586407042693826;0.2140220952471893,0.2,8,7854,0.958740234375,8.449971718686356,8.561359882289253,0.11138816360289638,40.70754744209687,12.72110857565527,2.736988067626953
4,4,5.689973734376066,7.677564394677967,1.9875906603019011,9.937953301509504,915.4783541619558,1024,12,16,20.959713314691584,16;32;64;128;256;512,20.959713314691584;8.030106981089945;4.1056997862860065;1.2992483446874092;1.1611835162091624;0.08044245510291492,0.2,8,7763,0.9476318359375,8.561359882289253,8.635570467409707,0.0742105851204542,38.76362097671735,12.11363155522417,2.877047061920166
4,5,7.677564394677967,9.665155054979868,1.9875906603019011,9.937953301509504,947.0874237685454,1024,12,16,13.004409708240038,16;32;64;128;256;512,13.004409708240038;8.072773797475286;3.0663440557628867;1.0728098597311013;0.7996683864062074;0.1709038857614301,0.2,8,7684,0.93798828125,8.635570467409707,8.673699196133384,0.03812872872367734,37.20321621889508,11.626005068404712,2.8473548889160156
4,6,9.665155054979868,9.937953301509504,0.2727982465296357,9.937953301509504,1022.5493150147205,1024,12,16,12.9837633031847,16;32;64;128;256;512,12.9837633031847;6.431723393457341;2.495347818285897;1.139295648225279;0.742597503873156;0.12680599803791076,0.2,8,7655,0.9344482421875,8.673699196133384,8.690904185656109,0.017204989522724645,38.45323165187864,12.016634891212075,3.1094348430633545
6,1,0.0,2.121392262297731,2.121392262297731,10.606961311488654,515.1366142063393,1024,12,16,26.425072755166166,16;32;64;128;256;512,26.425072755166166;10.997112966767455;7.243915563741645;1.9938970634492965;1.4192306517899056;0.18934241754071718,0.2,8,8095,0.9881591796875,6.4556292034531,7.025173949819873,0.5695447463667733,45.28390036316744,14.151218863489824,3.1760029792785645
6,2,2.121392262297731,4.242784524595462,2.121392262297731,10.606961311488654,790.3241262674651,1024,12,16,21.275575633971417,16;32;64;128;256;512,21.275575633971417;6.087047271581518;5.462675394656045;1.2953542513589469;1.0176442190950667;0.31071272289094337,0.2,8,7999,0.9764404296875,7.025173949819873,7.20021815254222,0.1750442027223471,43.32277474720502,13.538367108501568,3.0753040313720703
6,3,4.242784524595462,6.364176786893193,2.1213922622977313,10.606961311488654,882.4111509927194,1024,12,16,16.91578924609776,16;32;64;128;256;512,16.91578924609776;7.252491510659748;4.663967024845402;1.3927185780700737;1.0454565908297508;0.20283035425820767,0.2,8,7877,0.9615478515625,7.20021815254222,7.2871539190091426,0.08693576646692236,41.40412298777589,12.938788433679965,3.0851759910583496
6,4,6.364176786893193,8.485569049190923,2.1213922622977304,10.606961311488654,933.3980556480932,1024,12,16,20.906134140236947,16;32;64;128;256;512,20.906134140236947;9.681984048023164;3.7094980861996754;1.6363587870599752;1.2333466638950228;0.20186876383760852,0.2,8,7835,0.9564208984375,7.2871539190091426,7.341474059878237,0.05432014086909476,39.971942085337744,12.491231901668044,3.2268009185791016
6,5,8.485569049190923,10.606961311488654,2.1213922622977304,10.606961311488654,958.0713904706992,1024,12,16,21.41499721342619,16;32;64;128;256;512,21.41499721342619;6.1618702179784295;4.69338425336807;0.8875511426833044;1.2684346791140089;0.24646404467952446,0.2,8,7672,0.9365234375,7.341474059878237,7.384196535378578,0.042722475500340806,38.62811839382706,12.071286998070955,2.9302449226379395
8,1,0.0,1.3513978235127828,1.3513978235127828,8.304660380711532,512.0000001229778,1024,12,16,24.8235751835702,16;32;64;128;256;512,24.8235751835702;9.604267204401609;5.865908608900321;1.5201499734713209;1.6646163245184935;0.23626232529832694,0.2,8,8112,0.990234375,8.6269710282686,9.502710320011829,0.8757392917432298,49.489333355539245,15.465416673606013,2.9484429359436035
8,2,1.3513978235127828,3.0123298996550893,1.6609320761423065,8.304660380711532,741.3860778953137,1024,12,16,15.647502443925333,16;32;64;128;256;512,15.647502443925333;6.539535868545532;3.743336273541112;1.1242579643114705;0.7617813301783029;0.1720278616171154,0.2,8,8006,0.977294921875,9.502710320011829,9.809770459825813,0.3070601398139843,45.3840888475172,14.182527764849123,2.902501106262207
8,3,3.0123298996550893,4.673261975797396,1.6609320761423065,8.304660380711532,868.3101152869918,1024,12,16,17.80494842221626,16;32;64;128;256;512,17.80494842221626;6.872903307419824;5.585527171836048;1.8883388644567491;0.983468743422504;0.15717306217203011,0.2,8,7926,0.967529296875,9.809770459825813,9.942717763093242,0.13294730326742865,42.91947283302553,13.412335260320477,2.8926889896392822
8,4,4.673261975797396,6.334194051939702,1.6609320761423065,8.304660380711532,924.0275279461314,1024,12,16,14.598020991128026,16;32;64;128;256;512,14.598020991128026;8.727543701882619;3.545358792410571;0.7757840972589399;0.5284469949394568;0.0656396822556139,0.2,8,7796,0.95166015625,9.942717763093242,10.012470488807594,0.06975272571435198,41.36730663407059,12.927283323147059,2.8953158855438232
8,5,6.334194051939702,7.995126128082009,1.6609320761423065,8.304660380711532,953.986820977339,1024,12,16,19.472123564719237,16;32;64;128;256;512,19.472123564719237;5.841449061520315;3.6318055668634397;1.3684511444373184;0.9017416850762822;0.0935291637980926,0.2,8,7698,0.939697265625,10.012470488807594,10.06949038849416,0.05701989968656562,39.96998832142718,12.490621350445993,3.0951220989227295
8,6,7.995126128082009,8.304660380711532,0.30953425262952283,8.304660380711532,1021.8142780243858,1024,12,16,22.461367780654154,16;32;64;128;256;512,22.461367780654154;4.528612438039887;4.751726447069275;1.4103249486788028;1.048648971442237;0.11656249763740165,0.2,8,7689,0.9385986328125,10.06949038849416,10.074592880162527,0.005102491668367293,39.61855887076191,12.380799647113095,3.0744290351867676
10,1,0.0,0.9940194041219064,0.9940194041219064,5.535876024996814,512.0000003839818,1024,12,16,20.042415177444486,16;32;64;128;256;512,20.042415177444486;7.61155375807699;4.3735442992384685;1.478860702305927;0.8579019640624143;0.24407896271818996,0.2,8,8119,0.9910888671875,10.711526932027482,11.909549420364783,1.1980224883373012,49.08320757557061,15.338502367365816,3.0942981243133545
10,2,0.9940194041219064,2.1011946091212694,1.107175204999363,5.535876024996814,760.1617127573309,1024,12,16,19.067430322871715,16;32;64;128;256;512,19.067430322871715;7.089610793458868;5.025438602333164;2.1166497250636964;1.165463845003178;0.24004534656814897,0.2,8,8040,0.9814453125,11.909549420364783,12.32800870067149,0.4184592803067062,45.32911779146936,14.165349309834173,3.081899881362915
10,3,2.1011946091212694,3.2083698141206325,1.107175204999363,5.535876024996814,879.8736803386405,1024,12,16,26.888949937710528,16;32;64;128;256;512,26.888949937710528;9.595515474640838;6.530470573322;2.5549724077017686;2.0961022872228194;0.3000107213108223,0.2,8,7974,0.973388671875,12.32800870067149,12.505262774393486,0.17725407372199697,42.86576795326058,13.39555248539393,3.1103811264038086
10,4,3.2083698141206325,4.3155450191199956,1.107175204999363,5.535876024996814,923.5140856869901,1024,12,16,22.82693426762697,16;32;64;128;256;512,22.82693426762697;7.646644899491979;4.612399267883209;1.9733586173481872;0.9179981989830006;0.15770500294691145,0.2,8,7835,0.9564208984375,12.505262774393486,12.617571580740332,0.11230880634684581,41.579804530969405,12.993688915927939,2.9422898292541504
10,5,4.3155450191199956,5.422720224119359,1.107175204999363,5.535876024996814,958.7064423687469,1024,12,16,14.206491305615106,16;32;64;128;256;512,14.206491305615106;7.374428816659548;4.107085692066801;1.5390047997309133;0.9784322404881945;0.2005083371973708,0.2,8,7748,0.94580078125,12.617571580740332,12.681187133232015,0.06361555249168305,39.91249865554313,12.472655829857228,3.1608569622039795
10,6,5.422720224119359,5.535876024996814,0.1131558008774558,5.535876024996814,1023.272401933496,1024,12,16,21.67632267205214,16;32;64;128;256;512,21.67632267205214;6.749823526456679;3.5527906254056885;1.8538149144091014;0.871659989432382;0.19491176823548242,0.2,8,7739,0.9447021484375,12.681187133232015,12.693725342003745,0.012538208771729842,40.61169611191033,12.691155034971976,2.83998703956604
12,1,0.0,2.005494367642764,2.005494367642764,10.027471838213819,552.2761414216727,1024,12,16,21.091556827829642,16;32;64;128;256;512,21.091556827829642;7.880049491490331;4.7810720407981755;1.5756723245185593;1.2866491328577092;0.12755368080019355,0.2,8,8110,0.989990234375,5.661372906671204,6.33898992158629,0.6776170149150857,45.653127948759284,14.266602483987276,2.8784148693084717
12,2,2.005494367642764,4.010988735285528,2.005494367642764,10.027471838213819,840.940736741022,1024,12,16,19.731023043779185,16;32;64;128;256;512,19.731023043779185;7.854555295023655;5.395569643894627;1.6762854431065815;1.089465676339579;0.2696548676847477,0.2,8,8035,0.9808349609375,6.33898992158629,6.471126837521297,0.13213691593500698,43.7649138658762,13.676535583086313,3.2641079425811768
12,3,4.010988735285528,6.016483102928292,2.005494367642764,10.027471838213819,913.367231150921,1024,12,16,22.52609011688934,16;32;64;128;256;512,22.52609011688934;8.886696040735947;6.322317925639252;2.0507800753047865;1.4668414878793583;0.3199162507812452,0.2,8,7978,0.973876953125,6.471126837521297,6.533718605605827,0.06259176808453049,43.603829374348095,13.62619667948378,2.9399869441986084
12,4,6.016483102928292,8.021977470571056,2.005494367642764,10.027471838213819,945.6864829905428,1024,12,16,19.861314257680785,16;32;64;128;256;512,19.861314257680785;6.745054834182451;4.630637861541412;1.6422682204281125;0.8976922759624163;0.26320741709283707,0.2,8,7909,0.9654541015625,6.533718605605827,6.5838479236026615,0.05012931799683429,41.680937322872396,13.025292913397623,2.897747039794922
12,5,8.021977470571056,10.027471838213819,2.005494367642763,10.027471838213819,970.6532857161989,1024,12,16,25.637212850603007,16;32;64;128;256;512,25.637212850603007;8.001308944938723;5.593442050693805;2.2949505818184766;1.774683573746121;0.15539663272476856,0.2,8,7804,0.95263671875,6.5838479236026615,6.615606258326807,0.03175833472414524,40.03237612698259,12.510117539682058,3.048494815826416
14,1,0.0,2.1938047113689776,2.1938047113689776,10.969023556844888,558.5021116820565,1024,12,16,23.82019250206425,16;32;64;128;256;512,23.82019250206425;8.385528314922556;7.01462782911922;2.0865051501051073;1.65394488624451;0.18877739622089917,0.2,8,8104,0.9892578125,5.692736805308414,6.27461730288087,0.5818804975724561,45.832281221259414,14.322587881643566,2.905441999435425
14,2,2.1938047113689776,4.387609422737955,2.1938047113689776,10.969023556844888,822.494377499624,1024,12,16,23.062226981921164,16;32;64;128;256;512,23.062226981921164;7.385162348709279;4.238244212335274;1.387533138028103;1.0533730092671958;0.22951838869667704,0.2,8,8031,0.9803466796875,6.27461730288087,6.415427588919556,0.14081028603868617,43.14006041077421,13.48126887836694,3.0593271255493164
14,3,4.387609422737955,6.581414134106932,2.193804711368977,10.969023556844888,908.6938082965011,1024,12,16,21.55329745366141,16;32;64;128;256;512,21.55329745366141;11.032672581769315;5.721501042213107;1.7991860548559715;1.651509162589928;0.23886136537661337,0.2,8,7948,0.97021484375,6.415427588919556,6.48289834460229,0.0674707556827343,41.48194038114894,12.963106369109042,3.0566091537475586
14,4,6.581414134106932,8.77521884547591,2.193804711368978,10.969023556844888,947.6646029029829,1024,12,16,27.101519420459308,16;32;64;128;256;512,27.101519420459308;9.393117316465336;4.7962791559976905;1.7504772696293964;1.3430709995984238;0.17400076174645662,0.2,8,7817,0.9542236328125,6.48289834460229,6.524791174713755,0.04189283011146472,40.808553827446985,12.752673071077183,3.0651869773864746
14,5,8.77521884547591,10.969023556844888,2.193804711368978,10.969023556844888,968.5895191252691,1024,12,16,15.657734042902726,16;32;64;128;256;512,15.657734042902726;5.471184378282554;3.8550713229348856;1.051507910392085;1.0189727636861097;0.21197464723613732,0.2,8,7765,0.9478759765625,6.524791174713755,6.551361201112741,0.026570026398985647,40.3840869010995,12.620027156593594,3.046288013458252
16,1,0.0,1.0695011086987982,1.0695011086987982,5.913280727778537,512.0000000788336,1024,12,16,25.595321039769303,16;32;64;128;256;512,25.595321039769303;8.745785453754426;7.984011599321131;2.184274850770166;1.6246273749364921;0.2979577401762994,0.2,8,8125,0.9918212890625,11.449390322097315,12.544491285803815,1.0951009637065,48.35078018594989,15.109618808109339,3.113281011581421
16,2,1.0695011086987982,2.252157254254506,1.1826561455557076,5.913280727778537,762.917395128527,1024,12,16,16.073183225937374,16;32;64;128;256;512,16.073183225937374;7.203293401498099;5.255648986054476;1.8158492866959113;1.3507540457683453;0.25432843234883085,0.2,8,8042,0.981689453125,12.544491285803815,12.91464484410244,0.3701535582986253,44.329732877437124,13.853041524199101,3.193284034729004
16,3,2.252157254254506,3.4348133998102135,1.1826561455557076,5.913280727778537,879.8163840578911,1024,12,16,23.432415146131927,16;32;64;128;256;512,23.432415146131927;9.135705298087814;5.69401786620362;1.5027830203578012;1.186299839672079;0.20490474138825654,0.2,8,7954,0.970947265625,12.91464484410244,13.088625718461117,0.17398087435867637,43.83423757384789,13.698199241827465,3.123141050338745
16,4,3.4348133998102135,4.617469545365921,1.1826561455557076,5.913280727778537,939.1084971649241,1024,12,16,21.46839368550306,16;32;64;128;256;512,21.46839368550306;8.38313308920762;5.454460731670633;1.5778445461633588;1.3318646609122182;0.21508128390383102,0.2,8,7904,0.96484375,13.088625718461117,13.178926862652588,0.0903011441914714,41.68724215608945,13.027263173777952,3.1521291732788086
16,5,4.617469545365921,5.800125690921629,1.1826561455557076,5.913280727778537,966.6020540818962,1024,12,16,21.559168747210176,16;32;64;128;256;512,21.559168747210176;7.331878059106473;6.425967882170656;1.8338375877477424;1.3840920693157202;0.1250574875169135,0.2,8,7821,0.9547119140625,13.178926862652588,13.24052775013115,0.06160088747856207,40.66502503046971,12.707820322021783,3.0896739959716797
16,6,5.800125690921629,5.913280727778537,0.11315503685690853,5.913280727778537,1023.4271665549943,1024,12,16,18.859453465749603,16;32;64;128;256;512,18.859453465749603;8.146993655357221;4.193411073889626;1.411351764868918;0.7711077974776123;0.2207918110032353,0.2,8,7803,0.9525146484375,13.24052775013115,13.23016123045818,-0.010366519672970753,41.07594851939973,12.836233912312416,3.263056993484497
18,1,0.0,1.5982954008995052,1.5982954008995052,9.148875365832966,512.0000002535317,1024,12,16,25.505480733664847,16;32;64;128;256;512,25.505480733664847;12.784277540602016;5.974489934778704;2.325702698903101;1.5996056179618194;0.21531445866337248,0.2,8,8070,0.985107421875,11.247997666038827,11.986426642277365,0.7384289762385379,47.25317611379516,14.766617535560988,3.160594940185547
18,2,1.5982954008995052,3.4280704740660983,1.8297750731665932,9.148875365832966,728.1225138718687,1024,12,16,32.82456173763655,16;32;64;128;256;512,32.82456173763655;9.399198258850488;6.502503077955988;2.096362301494845;1.9808069510437534;0.22274030848282114,0.2,8,7955,0.9710693359375,11.986426642277365,12.263507364641555,0.27708072236418957,42.362459657369754,13.238268642928048,2.887176990509033
18,3,3.4280704740660983,5.257845547232692,1.8297750731665934,9.148875365832966,852.7971787479804,1024,12,16,18.31975790922214,16;32;64;128;256;512,18.31975790922214;7.928292956246779;4.760421379118738;1.7731279583721429;1.2264714825603118;0.21587670343326737,0.2,8,7830,0.955810546875,12.263507364641555,12.383524708202458,0.1200173435609031,40.75199829363648,12.7349994667614,2.967803955078125
18,4,5.257845547232692,7.087620620399285,1.8297750731665934,9.148875365832966,904.9269934823881,1024,12,16,15.645635708799102,16;32;64;128;256;512,15.645635708799102;3.553021309369809;4.462434872654776;1.480464433510535;0.8627160449325344;0.2934576696581548,0.2,8,7719,0.9422607421875,12.383524708202458,12.469118280743714,0.08559357254125644,39.012453943081276,12.191391857212897,2.97833514213562
18,5,7.087620620399285,8.91739569356588,1.8297750731665943,9.148875365832966,945.3689722182958,1024,12,16,14.48685513226963,16;32;64;128;256;512,14.48685513226963;6.138349495329616;2.3498221561331643;1.377566218381134;0.6269933405788575;0.09787918017257018,0.2,8,7493,0.9146728515625,12.469118280743714,12.523566687275888,0.054448406532173976,37.88897992749149,11.84030622734109,3.019073009490967
18,6,8.91739569356588,9.148875365832966,0.23147967226708666,9.148875365832966,1022.7033070237705,1024,12,16,20.170096455344794,16;32;64;128;256;512,20.170096455344794;6.084829988409359;2.596329730052221;1.2710572021867008;0.7430124267952479;0.20158545589396434,0.2,8,7522,0.918212890625,12.523566687275888,12.528217895654961,0.0046512083790730685,37.2907798712575,11.653368709767967,3.0694329738616943
20,1,0.0,1.4916627155959752,1.4916627155959752,8.130857749553238,512.0000002437832,1024,12,16,26.37648560287846,16;32;64;128;256;512,26.37648560287846;10.42415893037131;6.385673353267565;2.4124737312871445;1.6538264778811314;0.30026907239317074,0.2,8,8084,0.98681640625,11.445646773194312,12.277589543373324,0.8319427701790119,46.78953623037777,14.621730071993053,2.8641388416290283
20,2,1.4916627155959752,3.117834265506623,1.626171549910648,8.130857749553238,772.2568569579523,1024,12,16,26.979529311493703,16;32;64;128;256;512,26.979529311493703;12.382354212371315;8.845364417763236;2.803841641658796;2.132217999538705;0.3630502527313681,0.2,8,8005,0.9771728515625,12.277589543373324,12.532721259100072,0.25513171572674764,43.772300517316204,13.678843911661312,2.952765941619873
20,3,3.117834265506623,4.744005815417271,1.626171549910648,8.130857749553238,882.6059303108834,1024,12,16,24.97418606696847,16;32;64;128;256;512,24.97418606696847;9.076064331180886;5.035047467304947;1.9420395717002419;1.8095709162104248;0.2852075813291105,0.2,8,7871,0.9608154296875,12.532721259100072,12.662622766009008,0.12990150690893643,41.72268062938777,13.038337696683676,3.20255708694458
20,4,4.744005815417271,6.370177365327919,1.626171549910648,8.130857749553238,930.5305278559803,1024,12,16,20.962051438918063,16;32;64;128;256;512,20.962051438918063;9.811956003007461;4.832250734126086;1.7711253911851057;1.4837936723476168;0.2022175783967294,0.2,8,7738,0.944580078125,12.662622766009008,12.721752538360306,0.059129772351298016,41.290285919677245,12.90321434989914,2.8490829467773438
20,5,6.370177365327919,7.996348915238567,1.626171549910648,8.130857749553238,953.2920890055038,1024,12,16,16.78166404625566,16;32;64;128;256;512,16.78166404625566;8.621869955045979;4.463289107396006;1.8166635862818232;0.902316212376861;0.14800393212033672,0.2,8,7700,0.93994140625,12.721752538360306,12.779071393088088,0.05731885472778231,39.01580974378761,12.192440544933627,2.942542791366577
20,6,7.996348915238567,8.130857749553238,0.13450883431467098,8.130857749553238,1023.5553365333855,1024,12,16,17.169079118025486,16;32;64;128;256;512,17.169079118025486;8.07800429508334;3.886627198417155;0.7492416098162843;0.8571886216585214;0.13520573381128392,0.2,8,7658,0.934814453125,12.779071393088088,12.787545613617112,0.008474220529024024,39.638979458379914,12.387181080743723,3.1760659217834473
22,1,0.0,2.38271612751604,2.38271612751604,11.913580637580198,514.3526093925205,1024,12,16,19.21176333327835,16;32;64;128;256;512,19.21176333327835;8.16079405690953;4.20884826386469;1.3801621350851083;1.0105574667249728;0.27079136996467046,0.2,8,8081,0.9864501953125,5.85011688500299,6.535240733610408,0.685123848607418,45.484209629237796,14.213815509136811,2.8286020755767822
22,2,2.38271612751604,4.76543225503208,2.38271612751604,11.913580637580198,811.9150197098323,1024,12,16,19.883413893937227,16;32;64;128;256;512,19.883413893937227;7.848396702838603;4.465783807524851;1.0832443831536793;1.1664041042910678;0.2778752894324643,0.2,8,8025,0.9796142578125,6.535240733610408,6.661700134962302,0.12645940135189448,43.282551779908935,13.525797431221541,2.8607101440429688
22,3,4.76543225503208,7.148148382548119,2.38271612751604,11.913580637580198,890.6228440210348,1024,12,16,16.393387461341025,16;32;64;128;256;512,16.393387461341025;9.809815369427147;5.656648331343718;1.692741872971552;0.8962881625099511;0.18601262963022136,0.2,8,7884,0.96240234375,6.661700134962302,6.741431422855385,0.07973128789308248,42.57378777759418,13.30430868049818,2.919883966445923
22,4,7.148148382548119,9.53086451006416,2.38271612751604,11.913580637580198,943.63842349391,1024,12,16,16.73483190202956,16;32;64;128;256;512,16.73483190202956;6.806233362547725;4.074686704866202;1.834358909097134;1.0140800815745006;0.17604350741165042,0.2,8,7825,0.9552001953125,6.741431422855385,6.7834083764337265,0.041976953578341636,40.87523862544747,12.773512070452334,2.936534881591797
22,5,9.53086451006416,11.913580637580198,2.382716127516039,11.913580637580198,968.174674317974,1024,12,16,19.95698198262086,16;32;64;128;256;512,19.95698198262086;6.902629708083748;4.104599583252814;1.2436620911858005;1.0191114787588784;0.1461166427364199,0.2,8,7639,0.9324951171875,6.7834083764337265,6.8064351282700954,0.02302675183636893,39.75677614028755,12.423992543839859,3.621306896209717
24,1,0.0,0.7364260847295869,0.7364260847295869,4.4603943162044715,512.0000003732712,1024,12,16,18.36690860030971,16;32;64;128;256;512,18.36690860030971;9.531756390998822;5.695135585887557;1.9175168434940282;1.1970401701872415;0.2321844948324754,0.2,8,8114,0.990478515625,15.95847952535405,17.516365404095268,1.5578858787412173,48.166209044023645,15.05194032625739,2.9746460914611816
24,2,0.7364260847295869,1.6285049479704812,0.8920788632408942,4.4603943162044715,707.1626968334821,1024,12,16,20.403625110859018,16;32;64;128;256;512,20.403625110859018;9.424066776343212;5.134134264505247;1.7907245857812184;1.5879337987641484;0.17164102000671116,0.2,8,8059,0.9837646484375,17.516365404095268,18.133630063573946,0.6172646594786784,44.85560951261704,14.017377972692826,2.979739189147949
24,3,1.6285049479704812,2.5205838112113756,0.8920788632408945,4.4603943162044715,852.6047859985986,1024,12,16,31.558228877061975,16;32;64;128;256;512,31.558228877061975;10.67748740279223;7.137109234017633;2.327512381386033;1.9862854743514287;0.160437385655433,0.2,8,7967,0.9725341796875,18.133630063573946,18.387510176442447,0.2538801128685009,43.01108973620217,13.440965542563179,3.18415904045105
24,4,2.5205838112113756,3.41266267445227,0.8920788632408945,4.4603943162044715,910.9944456769289,1024,12,16,20.754081160850326,16;32;64;128;256;512,20.754081160850326;7.633302435801325;5.7689605245163085;1.3814134713709028;1.0823153291417698;0.1584300153354158,0.2,8,7909,0.9654541015625,18.387510176442447,18.577389535377733,0.1898793589352863,41.87876481049391,13.087114003279346,2.802276134490967
24,5,3.41266267445227,4.304741537693165,0.8920788632408945,4.4603943162044715,950.9257916900236,1024,12,16,19.04014243127766,16;32;64;128;256;512,19.04014243127766;5.171162000459578;4.849315368252458;1.0983279904426568;1.2006292346287113;0.10076401344794966,0.2,8,7820,0.95458984375,18.577389535377733,18.656314117266447,0.07892458188871387,40.31018400406733,12.59693250127104,3.159795045852661
24,6,4.304741537693165,4.4603943162044715,0.15565277851130688,4.4603943162044715,1021.8775517531514,1024,12,16,23.467974263500228,16;32;64;128;256;512,23.467974263500228;8.219224985928765;7.166115886079181;1.6822234199509962;1.1435207513366117;0.19221621284595858,0.2,8,7817,0.9542236328125,18.656314117266447,18.667651214593207,0.011337097326759249,40.82742298649891,12.758569683280909,3.1499290466308594
26,1,0.0,0.9678864557767735,0.9678864557767735,6.200053515025159,512.0000001068115,1024,12,16,25.232046263756853,16;32;64;128;256;512,25.232046263756853;9.263495043773258;5.113791088247903;3.09158589734999;1.2757640685252796;0.2545408054721545,0.2,8,8127,0.9920654296875,14.227750177524285,15.419978993966652,1.1922288164423662,49.307671409952206,15.408647315610065,2.7538580894470215
26,2,0.9678864557767735,2.2078971587818055,1.240010703005032,6.200053515025159,715.4843316157322,1024,12,16,20.816882443699953,16;32;64;128;256;512,20.816882443699953;12.42513049253069;5.911689811443577;2.049145459565411;1.565797207437744;0.30204829396827204,0.2,8,8039,0.9813232421875,15.419978993966652,15.821180589700816,0.4012015957341646,48.13239300382004,15.041372813693762,3.0734150409698486
26,3,2.2078971587818055,3.4479078617868373,1.2400107030050318,6.200053515025159,856.91119778839,1024,12,16,29.02872758696657,16;32;64;128;256;512,29.02872758696657;9.662984140238642;6.8349639466013885;1.8241475933235891;1.7268436071029596;0.27796480238843585,0.2,8,7916,0.96630859375,15.821180589700816,16.031810888947803,0.2106302992469864,45.181806456664056,14.119314517707517,3.0585670471191406
26,4,3.4479078617868373,4.687918564791869,1.2400107030050318,6.200053515025159,924.9190515429642,1024,12,16,17.92679985700959,16;32;64;128;256;512,17.92679985700959;6.023383693276452;4.966030411724236;1.6309567982559086;1.0673212365878775;0.2070132439237496,0.2,8,7897,0.9639892578125,16.031810888947803,16.128723655965587,0.09691276701778406,43.263900159988985,13.519968799996557,2.7526700496673584
26,5,4.687918564791869,5.927929267796901,1.2400107030050318,6.200053515025159,955.757749865389,1024,12,16,16.939554827388218,16;32;64;128;256;512,16.939554827388218;7.624437135149736;3.408057331256489;1.0401714131106936;0.8823573066391889;0.22497703936832267,0.2,8,7788,0.95068359375,16.128723655965587,16.2014558392475,0.07273218328191433,40.3423789163576,12.606993411361751,2.9234859943389893
26,6,5.927929267796901,6.200053515025159,0.2721242472282581,6.200053515025159,1020.7937147130904,1024,12,16,16.491645626167216,16;32;64;128;256;512,16.491645626167216;6.737467872663944;4.680141696884532;1.8245237788795505;1.40323613588386;0.1785043562980836,0.2,8,7764,0.94775390625,16.2014558392475,16.21720109396847,0.01574525472096866,41.916381344681405,13.098869170212938,3.194791078567505
28,1,0.0,1.3685835907733745,1.3685835907733745,6.8429179538668725,554.5257224517113,1024,12,16,22.74872192852123,16;32;64;128;256;512,22.74872192852123;7.034274142226932;5.57869768477795;2.492435495570547;1.484404600801567;0.19411569763137307,0.2,8,8083,0.9866943359375,14.65757249680064,15.375562980560062,0.7179904837594222,46.999474122765825,14.687335663364319,3.0715720653533936
28,2,1.3685835907733745,2.737167181546749,1.3685835907733745,6.8429179538668725,795.0331737721618,1024,12,16,22.221819957623932,16;32;64;128;256;512,22.221819957623932;12.026721345525013;4.898635273752343;2.2188244911492028;1.3914850935406047;0.3091639285919461,0.2,8,7953,0.9708251953125,15.375562980560062,15.644749828163185,0.26918684760312317,44.376849654189655,13.867765516934266,3.1058309078216553
28,3,2.737167181546749,4.105750772320124,1.3685835907733748,6.8429179538668725,876.9020898875907,1024,12,16,19.1410159320991,16;32;64;128;256;512,19.1410159320991;6.315259535821792;4.048740245115766;1.4686253852743985;0.8737449976988269;0.18903863425575695,0.2,8,7877,0.9615478515625,15.644749828163185,15.800369285389024,0.15561945722583914,41.21738254176754,12.880432044302356,3.266111135482788
28,4,4.105750772320124,5.474334363093498,1.3685835907733743,6.8429179538668725,932.5172634097852,1024,12,16,16.782625614583225,16;32;64;128;256;512,16.782625614583225;3.577146027905922;3.992930754460746;1.0936918369132795;0.9857792194103578;0.08529775312906371,0.2,8,7746,0.945556640625,15.800369285389024,15.872723089458304,0.07235380406928016,39.59265456403353,12.372704551260478,3.0018720626831055
28,5,5.474334363093498,6.8429179538668725,1.3685835907733743,6.8429179538668725,953.7997905643375,1024,12,16,13.496219795546759,16;32;64;128;256;512,13.496219795546759;4.886509689850609;4.067187052947464;1.4321466243795737;1.0113932075768302;0.20584586386466408,0.2,8,7659,0.9349365234375,15.872723089458304,15.93122882614989,0.05850573669158621,38.40302352311726,12.000944850974143,3.2369630336761475
30,1,0.0,0.7086434948991585,0.7086434948991585,4.432429815230796,512.0000003600417,1024,12,16,17.87119930195341,16;32;64;128;256;512,17.87119930195341;9.986867856764702;5.733828789229074;2.7547115511003653;1.6062902307326559;0.2453416374415893,0.2,8,8124,0.99169921875,16.56150131092727,18.154226127589936,1.5927248166626669,48.028881053839704,15.009025329324906,3.116002082824707
30,2,0.7086434948991585,1.5951294579453177,0.8864859630461592,4.432429815230796,715.2912810083336,1024,12,16,21.021849162549177,16;32;64;128;256;512,21.021849162549177;9.92510808962714;5.958708221879741;2.2205552305753846;1.1986138618753661;0.20982504209874758,0.2,8,8047,0.9822998046875,18.154226127589936,18.764092692072154,0.6098665644822177,45.255961081136505,14.142487837855157,3.1316568851470947
30,3,1.5951294579453177,2.481615420991477,0.8864859630461592,4.432429815230796,842.9820544528807,1024,12,16,18.722421778025293,16;32;64;128;256;512,18.722421778025293;10.05070754807811;5.7638367582279875;1.8327775561913922;1.3867349499044583;0.23689891824860934,0.2,8,7985,0.9747314453125,18.764092692072154,19.057168449653545,0.29307575758139137,42.24386506187923,13.201207831837257,3.3386240005493164
30,4,2.481615420991477,3.368101384037636,0.8864859630461592,4.432429815230796,919.7559827647259,1024,12,16,22.224000283860637,16;32;64;128;256;512,22.224000283860637;9.129333697957668;5.206398291402017;1.7461548622498573;1.0918803169247486;0.3155825010079933,0.2,8,7906,0.965087890625,19.057168449653545,19.20653391626547,0.1493654666119255,42.19527414560067,13.186023170500208,3.1307990550994873
30,5,3.368101384037636,4.254587347083795,0.8864859630461592,4.432429815230796,948.5478169879646,1024,12,16,15.93491223745804,16;32;64;128;256;512,15.93491223745804;5.503719449624867;3.2184821799602936;1.48866286191283;0.9248624784842991;0.0975282863730985,0.2,8,7830,0.955810546875,19.20653391626547,19.304250484579825,0.09771656831435394,41.35231368986149,12.922598028081715,3.0645041465759277
30,6,4.254587347083795,4.432429815230796,0.17784246814700033,4.432429815230796,1021.1617560071982,1024,12,16,24.404657343537526,16;32;64;128;256;512,24.404657343537526;10.202067072675149;5.301101284136407;1.5012267768099814;1.294930440262363;0.17495442344286702,0.2,8,7774,0.948974609375,19.304250484579825,19.319719571096357,0.015469086516532116,40.74426759911402,12.73258362472313,3.184379816055298
32,1,0.0,0.9854658604682991,0.9854658604682991,6.775099625793623,512.0000002143579,1024,12,16,20.270926016063484,16;32;64;128;256;512,20.270926016063484;9.828644000488994;6.051444330924027;1.58493975301154;1.596218231297959;0.13362318545533555,0.2,8,8120,0.9912109375,16.325726594019216,17.44695255001716,1.121225955997943,47.868889191768126,14.959027872427539,3.0573229789733887
32,2,0.9854658604682991,2.340485785627024,1.355019925158725,6.775099625793623,672.7686286319976,1024,12,16,24.120313203862377,16;32;64;128;256;512,24.120313203862377;11.94005981349017;7.025416528009465;2.171748480729359;1.572778838713566;0.2646916681899492,0.2,8,8008,0.9775390625,17.44695255001716,17.905007272885996,0.4580547228688374,44.85073350191463,14.015854219348322,2.8863580226898193
32,3,2.340485785627024,3.6955057107857487,1.3550199251587247,6.775099625793623,836.108098602326,1024,12,16,29.66166066893715,16;32;64;128;256;512,29.66166066893715;13.256155315188193;5.851346757010443;1.844716265261341;1.3559033146057466;0.19353397370069836,0.2,8,7944,0.9697265625,17.905007272885996,18.124354908970417,0.21934763608442154,43.26398379321453,13.51999493537954,3.2967031002044678
32,4,3.6955057107857487,5.0505256359444735,1.3550199251587247,6.775099625793623,911.5443903941078,1024,12,16,23.103073585015952,16;32;64;128;256;512,23.103073585015952;7.9738878434002585;5.667065068602157;1.3065065770266664;1.349635180396147;0.12935609346768961,0.2,8,7832,0.9560546875,18.124354908970417,18.234839204029413,0.11048429505899549,43.65444218456492,13.642013182676537,2.9272170066833496
32,5,5.0505256359444735,6.405545561103198,1.3550199251587243,6.775099625793623,949.1867251845242,1024,12,16,22.741416465637656,16;32;64;128;256;512,22.741416465637656;9.763768909256568;6.479605268806213;1.8407387257944499;1.6908718190112426;0.23647410436635208,0.2,8,7730,0.943603515625,18.234839204029413,18.314303228908102,0.07946402487868909,40.854444123022134,12.767013788444416,3.031677007675171
32,6,6.405545561103198,6.775099625793623,0.3695540646904254,6.775099625793623,1018.505909551225,1024,12,16,17.83027116879642,16;32;64;128;256;512,17.83027116879642;6.867921114825933;4.379549086432825;1.4371703772175726;1.1297032740204944;0.07781284626744316,0.2,8,7707,0.9407958984375,18.314303228908102,18.326093297451735,0.011790068543632515,40.99886191146652,12.812144347333287,3.3385958671569824
34,1,0.0,1.1127522978315645,1.1127522978315645,5.563761489157822,682.203156853486,1024,12,16,27.741155819038966,16;32;64;128;256;512,27.741155819038966;9.779515697037086;7.4459152020458195;2.0053523781601066;1.6623184423999684;0.39781094495118946,0.2,8,8098,0.988525390625,15.148719952509055,15.777869613208168,0.6291496606991132,49.69008232944538,15.528150727951681,3.1483359336853027
34,2,1.1127522978315645,2.225504595663129,1.1127522978315645,5.563761489157822,838.2411872196185,1024,12,16,23.46262898444091,16;32;64;128;256;512,23.46262898444091;8.73126126886857;6.132157789636395;2.132028885806946;1.1921493237970335;0.17678873235239181,0.2,8,8005,0.9771728515625,15.777869613208168,16.00206338948192,0.2241937762737507,45.846773468071866,14.327116708772458,3.1828930377960205
34,3,2.225504595663129,3.3382568934946937,1.1127522978315647,5.563761489157822,906.4199847055629,1024,12,16,27.466321762825448,16;32;64;128;256;512,27.466321762825448;10.973216297644633;5.880096716297245;2.1691610786101196;1.0581494783792678;0.16242859573491994,0.2,8,7947,0.9700927734375,16.00206338948192,16.147120335081127,0.14505694559920812,42.64954503156606,13.327982822364394,2.9060721397399902
34,4,3.3382568934946937,4.451009191326258,1.1127522978315643,5.563761489157822,943.0785258200525,1024,12,16,15.08584518784201,16;32;64;128;256;512,15.08584518784201;6.4894041233615;3.2744715554050243;2.0863497176858656;0.855303800877695;0.09653635424078788,0.2,8,7860,0.95947265625,16.147120335081127,16.236506549968908,0.08938621488778153,41.05081962476473,12.828381132738977,3.1674039363861084
34,5,4.451009191326258,5.563761489157822,1.1127522978315643,5.563761489157822,960.6759110991367,1024,12,16,22.35944836072694,16;32;64;128;256;512,22.35944836072694;8.49867796301619;6.517385936097342;2.5197525398319134;0.8307910894236912;0.20891164789242833,0.2,8,7764,0.94775390625,16.236506549968908,16.30148585914867,0.06497930917976191,40.85255606104934,12.76642376907792,3.2188870906829834
36,1,0.0,1.5183935002234534,1.5183935002234534,7.591967501117266,631.8333351802683,1024,12,16,13.780972204268593,16;32;64;128;256;512,13.780972204268593;8.814912188753379;4.8301294026073;2.082796219673427;1.4191205670825753;0.24120018410982205,0.2,8,8073,0.9854736328125,14.759486788098002,15.341274395483197,0.5817876073851949,47.11148322135688,14.722338506674024,2.954684019088745
36,2,1.5183935002234534,3.036787000446907,1.5183935002234534,7.591967501117266,826.944602552078,1024,12,16,23.863181294816425,16;32;64;128;256;512,23.863181294816425;10.716193257401924;4.648290714181551;2.1367340641297092;0.9815804388709716;0.19517693423257745,0.2,8,7986,0.974853515625,15.341274395483197,15.54652303410694,0.20524863862374332,44.76403187081026,13.988759959628204,3.105552911758423
36,3,3.036787000446907,4.55518050067036,1.5183935002234534,7.591967501117266,907.2445338978274,1024,12,16,12.6992248852406,16;32;64;128;256;512,12.6992248852406;6.586657704290203;4.371763171018901;0.847868016855178;0.7528022632732487;0.21684189685380106,0.2,8,7889,0.9630126953125,15.54652303410694,15.642302654887317,0.09577962078037672,42.816448416716696,13.380140130223968,3.125319004058838
36,4,4.55518050067036,6.073574000893814,1.5183935002234534,7.591967501117266,937.1390608171951,1024,12,16,18.95325196757285,16;32;64;128;256;512,18.95325196757285;4.566791940327074;3.1132059924642412;1.2475849900134148;0.809882377720732;0.2542704096931385,0.2,8,7738,0.944580078125,15.642302654887317,15.711989740484569,0.06968708559725201,42.03655049325068,13.136422029140837,3.1114978790283203
36,5,6.073574000893814,7.591967501117266,1.5183935002234525,7.591967501117266,958.9529319675073,1024,12,16,25.29210523929751,16;32;64;128;256;512,25.29210523929751;7.209522276614907;4.68579694383929;1.9260654611309904;1.3570163130335167;0.05713511089979327,0.2,8,7707,0.9407958984375,15.711989740484569,15.76188189140521,0.04989215092064114,39.97019789985247,12.490686843703896,3.149543046951294
38,1,0.0,0.34182784425694457,0.34182784425694457,2.4015103431416547,512.0000003695873,1024,12,16,18.261929501099015,16;32;64;128;256;512,18.261929501099015;7.439245501139414;5.052310963155096;1.5521129837583827;1.213850817613653;0.1392355228302161,0.2,8,8145,0.9942626953125,26.517028264614055,29.37916362080432,2.862135356190265,50.208480558108675,15.690150174408961,3.2472498416900635
38,2,0.34182784425694457,0.8221299128852755,0.4803020686283309,2.4015103431416547,638.2941484299325,1024,12,16,21.136795739920593,16;32;64;128;256;512,21.136795739920593;7.223884869588184;5.375804167921608;1.8770848611325819;1.2608210824029342;0.17871659074408047,0.2,8,8107,0.9896240234375,29.37916362080432,30.87598578413599,1.4968221633316716,46.887961881885886,14.652488088089338,2.8500242233276367
38,3,0.8221299128852755,1.3024319815136065,0.480302068628331,2.4015103431416547,831.6676171293155,1024,12,16,24.404358104291177,16;32;64;128;256;512,24.404358104291177;8.653154236699457;5.835250464741661;2.048781028194013;1.4848094057284746;0.22012522307124047,0.2,8,8044,0.98193359375,30.87598578413599,31.50916441527079,0.6331786311347969,43.81011746247716,13.69066170702411,2.9175360202789307
38,4,1.3024319815136065,1.7827340501419375,0.480302068628331,2.4015103431416547,924.4279529551902,1024,12,16,22.082128573194474,16;32;64;128;256;512,22.082128573194474;7.632833049061315;4.888757239018569;1.7065378917204794;1.2482509306844307;0.10867194542529245,0.2,8,7965,0.9722900390625,31.50916441527079,31.838886104960693,0.32972168968990445,42.848213326283656,13.390066664463642,2.920923948287964
38,5,1.7827340501419375,2.2630361187702683,0.4803020686283308,2.4015103431416547,972.6089438612929,1024,12,16,21.923993337803196,16;32;64;128;256;512,21.923993337803196;7.471186106046803;4.828328591639122;1.4495751043274334;0.8634719624503137;0.18193434108798692,0.2,8,7926,0.967529296875,31.838886104960693,31.966172935965005,0.12728683100431226,42.03667458132057,13.136460806662678,2.947242021560669
38,6,2.2630361187702683,2.4015103431416547,0.13847422437138635,2.4015103431416547,1019.8213295682093,1024,12,16,23.564901982009197,16;32;64;128;256;512,23.564901982009197;10.18782533323018;6.602245901907371;1.4492336525703937;1.4336128373854933;0.3189941089946875,0.2,8,7876,0.96142578125,31.966172935965005,31.98574714490678,0.019574208941776305,42.768797238154754,13.36524913692336,2.9762680530548096
40,1,0.0,1.6789424728928113,1.6789424728928113,11.014564941173827,512.0000001183821,1024,12,16,26.729119053210077,16;32;64;128;256;512,26.729119053210077;11.144632751781275;5.21923301478398;1.9004808603991112;0.8587818091948854;0.21512773253118195,0.2,8,8055,0.9832763671875,17.81536762660835,18.546168145199772,0.7308005185914226,47.50760751161625,14.846127347380078,2.8466551303863525
40,2,1.6789424728928113,3.881855461127577,2.2029129882347656,11.014564941173827,677.0582859394341,1024,12,16,21.62950169435611,16;32;64;128;256;512,21.62950169435611;6.736125594454797;5.016751169256804;1.9637970391342152;1.2926441310062835;0.0906749839518602,0.2,8,7891,0.9632568359375,18.546168145199772,18.83657922607381,0.290411080874037,42.58898578887913,13.309058059024727,3.224339008331299
40,3,3.881855461127577,6.084768449362342,2.2029129882347656,11.014564941173827,831.5328257100869,1024,12,16,14.47068479776465,16;32;64;128;256;512,14.47068479776465;7.135916227584314;3.675410867245613;1.1607792476454164;0.9302308692744655;0.18337083099264342,0.2,8,7752,0.9462890625,18.83657922607381,18.957191256966325,0.12061203089251649,39.35881893745477,12.299630917954616,2.862668991088867
40,4,6.084768449362342,8.287681437597108,2.2029129882347656,11.014564941173827,898.5101842725297,1024,12,16,21.104567682379475,16;32;64;128;256;512,21.104567682379475;9.376493680557774;6.051796673083702;1.4022428727946061;1.2450324064565215;0.20719030487988468,0.2,8,7541,0.9205322265625,18.957191256966325,19.024915808346123,0.06772455137979705,37.591778624757985,11.74743082023687,3.1897759437561035
40,5,8.287681437597108,10.490594425831873,2.2029129882347647,11.014564941173827,929.0122774998516,1024,12,16,18.72640359869207,16;32;64;128;256;512,18.72640359869207;5.330334880960217;4.042687471131507;1.8719149812793268;0.9745273651104478;0.16329467438702078,0.2,8,7404,0.90380859375,19.024915808346123,19.092650174032315,0.06773436568619218,36.178561774690834,11.305800554590885,2.8983678817749023
40,6,10.490594425831873,11.014564941173827,0.5239705153419543,11.014564941173827,1019.5192847303545,1024,12,16,22.20606964334376,16;32;64;128;256;512,22.20606964334376;7.063179492255296;4.998269166445037;1.3989313143925164;0.9564916280914377;0.09063097172268798,0.2,8,7364,0.89892578125,19.092650174032315,19.092956016669632,0.00030584263731725514,36.00077955886108,11.250243612144088,3.2430601119995117
42,1,0.0,0.8224532574450039,0.8224532574450039,5.746862639553558,512.0000001341291,1024,12,16,23.731682328888926,16;32;64;128;256;512,23.731682328888926;9.740300132574777;6.936089122360348;2.414595185157999;1.4200207284932191;0.31132164795117095,0.2,8,8121,0.9913330078125,20.93891011866799,22.1863304850267,1.2474203663587105,50.081121724089165,15.650350538777863,2.9529759883880615
42,2,0.8224532574450039,1.9718257853557155,1.1493725279107116,5.746862639553558,626.9304209480072,1024,12,16,33.85384663691638,16;32;64;128;256;512,33.85384663691638;9.579618736001525;6.748719870446512;1.950274245216067;1.8282186858788165;0.31983130942998417,0.2,8,8026,0.979736328125,22.1863304850267,22.819361055706395,0.6330305706796935,45.78853908054925,14.30891846267164,3.235852003097534
42,3,1.9718257853557155,3.121198313266427,1.1493725279107116,5.746862639553558,803.4052166637825,1024,12,16,22.99214941395398,16;32;64;128;256;512,22.99214941395398;7.8831596890093065;5.473806868980698;1.8112858001005294;1.3429048353878719;0.18676949705003432,0.2,8,7968,0.97265625,22.819361055706395,23.131201587835676,0.3118405321292812,42.504463302853466,13.282644782141707,3.1181039810180664
42,4,3.121198313266427,4.270570841177139,1.1493725279107116,5.746862639553558,904.6168239524206,1024,12,16,18.826030960481237,16;32;64;128;256;512,18.826030960481237;5.827865584102012;4.511780257878111;1.4066729947672107;1.1688588877554367;0.22838461257977094,0.2,8,7859,0.9593505859375,23.131201587835676,23.254156726703513,0.12295513886783738,41.91028193834146,13.096963105731707,3.1098780632019043
42,5,4.270570841177139,5.41994336908785,1.1493725279107112,5.746862639553558,941.2390515430276,1024,12,16,24.50294454752606,16;32;64;128;256;512,24.50294454752606;7.138588966290949;5.3878696846082015;1.5065597062896188;1.505618145803742;0.20484193562667508,0.2,8,7809,0.9532470703125,23.254156726703513,23.368357840750832,0.1142011140473187,41.19466648800125,12.873333277500391,3.1800849437713623
42,6,5.41994336908785,5.746862639553558,0.3269192704657078,5.746862639553558,1018.2227057115109,1024,12,16,20.72814217843332,16;32;64;128;256;512,20.72814217843332;9.540605652456824;4.9158871511394695;1.7725462448960327;1.2672434584118897;0.17418098467080356,0.2,8,7760,0.947265625,23.368357840750832,23.37236832155031,0.00401048079947941,39.700554949756864,12.406423421799019,2.9858338832855225
44,1,0.0,0.4719500739099292,0.4719500739099292,3.6167362982664866,512.0000003597656,1024,12,16,25.684535548092395,16;32;64;128;256;512,25.684535548092395;12.93929302793993;7.623154766113026;2.124455146820423;1.4105619789694703;0.24707660385643432,0.2,8,8124,0.99169921875,24.762978830200154,26.68086938560009,1.9178905553999357,51.64702915970137,16.139696612406677,3.127092123031616
44,2,0.47195007390992916,1.1952973335632266,0.7233472596532975,3.6167362982664866,594.4613691998069,1024,12,16,23.369725956107327,16;32;64;128;256;512,23.369725956107327;6.967430369149534;5.910460185032733;1.8392678578570087;1.3270120654740574;0.28553152238386087,0.2,8,8090,0.987548828125,26.68086938560009,27.868224089528667,1.1873547039285768,46.3892862377951,14.496651949310968,2.8321948051452637
44,3,1.1952973335632266,1.918644593216524,0.7233472596532973,3.6167362982664866,819.5390990903762,1024,12,16,27.641177310115037,16;32;64;128;256;512,27.641177310115037;8.497249777498244;4.347723074016836;2.274682311762705;1.798103233233075;0.29010828691330026,0.2,8,8020,0.97900390625,27.868224089528667,28.332842943811556,0.4646188542828895,44.18851910734667,13.808912221045833,3.3487699031829834
44,4,1.918644593216524,2.6419918528698214,0.7233472596532975,3.6167362982664866,916.2104011488184,1024,12,16,20.955175866505034,16;32;64;128;256;512,20.955175866505034;8.570020863050397;5.98907067950091;1.8331263698243143;1.4563630290143144;0.2028431975784258,0.2,8,7999,0.9764404296875,28.332842943811556,28.573116596933687,0.24027365312213078,41.4890164331415,12.965317635356719,2.89876389503479
44,5,2.6419918528698214,3.365339112523119,0.7233472596532975,3.6167362982664866,964.0650928942899,1024,12,16,19.119624557703116,16;32;64;128;256;512,19.119624557703116;7.042573981365314;4.886963531703106;1.7519238253762264;1.3893956518968467;0.14875674293520558,0.2,8,7864,0.9599609375,28.573116596933687,28.65914761714521,0.08603102021152154,41.4821538442119,12.963173076316219,2.9830710887908936
44,6,3.365339112523119,3.6167362982664866,0.25139718574336767,3.6167362982664866,1017.0321597027169,1024,12,16,23.25706423975895,16;32;64;128;256;512,23.25706423975895;7.305943491019757;4.792004357378728;1.2406217391577523;0.7917623660322367;0.0887792390828654,0.2,8,7863,0.9598388671875,28.65914761714521,28.6959973272169,0.03684971007169224,41.15835120707393,12.861984752210601,2.9443538188934326
46,1,0.0,0.49240563017133065,0.49240563017133065,3.1125140919163345,512.0000001963426,1024,12,16,26.606867694630363,16;32;64;128;256;512,26.606867694630363;12.043681875842218;6.190527689741452;2.130119085745274;1.788797531860884;0.19753277397171107,0.2,8,8125,0.9918212890625,25.331286171916872,27.511264191387454,2.179978019470582,49.764853211209626,15.551516628503007,3.123723030090332
46,2,0.49240563017133065,1.1149084485545977,0.622502818383267,3.1125140919163345,712.5006106728209,1024,12,16,27.3857466345471,16;32;64;128;256;512,27.3857466345471;7.615993152030541;5.655699541482142;2.1387625927768092;1.5492030261758318;0.2396220813638899,0.2,8,8050,0.982666015625,27.511264191387454,28.490106329671107,0.9788421382836532,46.6256627216559,14.570519600517468,3.1007118225097656
46,3,1.1149084485545977,1.7374112669378645,0.6225028183832668,3.1125140919163345,892.0143024113551,1024,12,16,25.760548631899134,16;32;64;128;256;512,25.760548631899134;11.697458555828813;5.749978669674192;1.6211195688260982;1.1043292218285994;0.24118191722206225,0.2,8,7971,0.9730224609375,28.490106329671107,28.805130974564236,0.3150246448931284,44.16617606304984,13.801930019703073,3.065284013748169
46,4,1.7374112669378645,2.3599140853211313,0.6225028183832668,3.1125140919163345,948.5617236840321,1024,12,16,14.220039531549183,16;32;64;128;256;512,14.220039531549183;7.193879534105951;4.221711292553633;1.191994509905655;0.9973487385345504;0.15674438553505743,0.2,8,7849,0.9581298828125,28.805130974564236,28.953020550048677,0.1478895754844416,43.24449258893036,13.513903934040737,2.8954930305480957
46,5,2.3599140853211313,2.982416903704398,0.6225028183832668,3.1125140919163345,964.4825974057059,1024,12,16,21.325025834848933,16;32;64;128;256;512,21.325025834848933;10.006190073999656;6.318754588413149;2.0332941338835178;0.8859181528058763;0.21466131139288977,0.2,8,7765,0.9478759765625,28.953020550048677,29.08438884271891,0.1313682926702313,42.527839493836474,13.289949841823898,2.9419798851013184
46,6,2.982416903704398,3.1125140919163345,0.1300971882119364,3.1125140919163345,1021.8640330071072,1024,12,16,20.021716488244472,16;32;64;128;256;512,20.021716488244472;6.9022230763004595;3.4361894220452753;1.4702679819099145;1.000064193429235;0.15263147230169466,0.2,8,7743,0.9451904296875,29.08438884271891,29.094356372283073,0.009967529564164579,41.63231760556601,13.010099251739376,3.164095878601074
48,1,0.0,0.604747641993773,0.604747641993773,4.855492315743215,512.0000002564384,1024,12,16,17.107559904155494,16;32;64;128;256;512,17.107559904155494;9.143669825365901;5.127816917330372;1.9181168488431855;1.1153823343806784;0.17076580971160732,0.2,8,8128,0.9921875,24.390174337197095,25.90358435775852,1.5134100205614232,50.87795438607409,15.899360745648151,3.065748929977417
48,2,0.604747641993773,1.575846105142416,0.971098463148643,4.855492315743215,534.0752637200868,1024,12,16,28.155706797218095,16;32;64;128;256;512,28.155706797218095;11.264574804526308;6.188603102247958;2.620334045449629;1.462449528013139;0.29206010037220154,0.2,8,8061,0.9840087890625,25.90358435775852,26.99135462770937,1.0877702699508518,46.11484901861047,14.410890318315772,3.0964670181274414
48,3,1.575846105142416,2.546944568291059,0.971098463148643,4.855492315743215,781.4246672489666,1024,12,16,21.595740562192518,16;32;64;128;256;512,21.595740562192518;7.877030855867531;6.0622272620079105;1.7979480117315194;1.9353799531952913;0.2819774483345629,0.2,8,7998,0.976318359375,26.99135462770937,27.37746227433672,0.38610764662735164,43.82732159869001,13.696037999590628,3.065480947494507
48,4,2.546944568291059,3.518043031439702,0.971098463148643,4.855492315743215,880.7313135405091,1024,12,16,17.432034438427024,16;32;64;128;256;512,17.432034438427024;8.579343273302799;6.36874953023734;1.507014681954572;0.9010234916601321;0.12881736769099283,0.2,8,7956,0.97119140625,27.37746227433672,27.598351032938808,0.22088875860208645,42.26123378059545,13.206635556436076,3.0848450660705566
48,5,3.518043031439702,4.489141494588345,0.9710984631486435,4.855492315743215,943.8370316010013,1024,12,16,17.60911011317436,16;32;64;128;256;512,17.60911011317436;8.462474969913162;3.9242630364761526;1.2183140480464703;0.581804621003105;0.2328608684026869,0.2,8,7868,0.96044921875,27.598351032938808,27.67745629802812,0.0791052650893107,41.66983177964119,13.021822431137872,3.0862109661102295
48,6,4.489141494588345,4.855492315743215,0.36635082115486917,4.855492315743215,1013.2353852064905,1024,12,16,21.415212228114886,16;32;64;128;256;512,21.415212228114886;9.11175746343484;5.579378049408232;1.9757987315666994;1.2309011627599253;0.28220098721751624,0.2,8,7873,0.9610595703125,27.67745629802812,27.729380658478476,0.0519243604503572,40.45445215138003,12.64201629730626,2.8102200031280518
50,1,0.0,0.5987482572323155,0.5987482572323155,4.001015636703221,512.0000005157308,1024,12,16,26.13048784856936,16;32;64;128;256;512,26.13048784856936;11.938356456131839;6.6116534697572025;2.51410052313486;2.0412611378355114;0.24206486963709348,0.2,8,8136,0.9931640625,26.672558246937115,28.344326633989112,1.6717683870519977,50.19479387203266,15.685873085010206,2.94319486618042
50,2,0.5987482572323155,1.3989513845729595,0.800203127340644,4.001015636703221,660.9471952145005,1024,12,16,26.13619618233395,16;32;64;128;256;512,26.13619618233395;11.480571016455814;5.272732195124767;1.8276969551141722;0.9600519350265224;0.31510603297796747,0.2,8,8054,0.983154296875,28.344326633989112,29.26500264366041,0.9206760096712969,45.12686491763753,14.10214528676173,3.0676751136779785
50,3,1.3989513845729595,2.1991545119136036,0.800203127340644,4.001015636703221,854.9474542017083,1024,12,16,23.864483877476392,16;32;64;128;256;512,23.864483877476392;9.497567235399456;6.683477537143487;1.7004736581096087;1.5878533641957377;0.23351947924585734,0.2,8,7940,0.96923828125,29.26500264366041,29.554480962164234,0.289478318503825,43.51041528014988,13.597004775046836,3.246701955795288
50,4,2.1991545119136036,2.9993576392542476,0.800203127340644,4.001015636703221,922.8409079124174,1024,12,16,16.837250862832185,16;32;64;128;256;512,16.837250862832185;4.810598733646049;2.74919091497097;1.5500880740195755;1.033919508616697;0.15579958745821668,0.2,8,7876,0.96142578125,29.554480962164234,29.740344002551865,0.18586304038763046,42.828376023301566,13.383867507281739,3.0996599197387695
50,5,2.9993576392542476,3.7995607665948916,0.800203127340644,4.001015636703221,955.7490985655157,1024,12,16,17.221214444398864,16;32;64;128;256;512,17.221214444398864;6.259218159361038;2.3319634891548726;1.3433086030793484;0.6879503557745599;0.1598123254633542,0.2,8,7750,0.946044921875,29.740344002551865,29.851349566393765,0.11100556384189986,39.71846798731927,12.412021246037272,3.1440529823303223
50,6,3.7995607665948916,4.001015636703221,0.20145487010832897,4.001015636703221,1020.0453570558357,1024,12,16,18.752848373996798,16;32;64;128;256;512,18.752848373996798;8.677936985540335;4.478826380803712;1.250889525725749;1.2552174897258346;0.08605536573127084,0.2,8,7687,0.9383544921875,29.851349566393765,29.8735672904877,0.02221772409393452,40.36365275885944,12.613641487143573,3.079210042953491
52,1,0.0,1.0675250878998954,1.0675250878998954,7.570923559071983,512.0000002018428,1024,12,16,22.355398233419667,16;32;64;128;256;512,22.355398233419667;9.062763075165186;4.979274064791189;1.9353637764326688;1.7745039192320091;0.267439856661363,0.2,8,8099,0.9886474609375,24.715014184941538,25.677007426536875,0.9619932415953372,48.1433636258031,15.044801133063467,3.0636510848999023
52,2,1.0675250878998954,2.581709799714292,1.5141847118143967,7.570923559071983,622.1897304904828,1024,12,16,23.59609804174978,16;32;64;128;256;512,23.59609804174978;5.728913183671276;7.014994054998625;1.7499441325235714;1.3527480053332064;0.22851993220032205,0.2,8,7990,0.975341796875,25.677007426536875,26.198959775298135,0.5219523487612605,45.52166458680687,14.225520183377146,3.0538361072540283
52,3,2.581709799714292,4.095894511528689,1.514184711814397,7.570923559071983,819.3926697021031,1024,12,16,20.71322987387268,16;32;64;128;256;512,20.71322987387268;9.835567655063883;5.266190755835427;1.8410893487836246;1.3923969389824071;0.19595410760507545,0.2,8,7885,0.9625244140625,26.198959775298135,26.39921985688852,0.2002600815903861,43.387729810151654,13.558665565672392,3.0364928245544434
52,4,4.095894511528689,5.610079223343086,1.514184711814397,7.570923559071983,908.3497861318873,1024,12,16,17.5315825700669,16;32;64;128;256;512,17.5315825700669;6.688740799482803;4.133602232905498;0.6718707779505653;0.7667665426162165;0.1683611842542558,0.2,8,7814,0.953857421875,26.39921985688852,26.505888950807275,0.10666909391875379,42.293657911720196,13.21676809741256,3.150358200073242
52,5,5.610079223343086,7.124263935157483,1.514184711814397,7.570923559071983,952.4830133020815,1024,12,16,19.309000437792445,16;32;64;128;256;512,19.309000437792445;8.828391157771856;4.304637682603077;1.936873441132347;1.0137165286004763;0.25516757164246867,0.2,8,7658,0.934814453125,26.505888950807275,26.557490415201755,0.05160146439447999,40.68169182694368,12.713028695919899,2.8952760696411133
52,6,7.124263935157483,7.570923559071983,0.4466596239145,7.570923559071983,1018.2165529743811,1024,12,16,15.769249018888084,16;32;64;128;256;512,15.769249018888084;4.854504507767845;4.469419784398021;1.423654422165953;0.9300688856815775;0.07295214526710016,0.2,8,7605,0.9283447265625,26.557490415201755,26.58896368512069,0.03147326991893351,40.25383123184705,12.579322259952203,2.920215129852295
54,1,0.0,0.6157792118253672,0.6157792118253672,4.160033691243959,512.0000002716724,1024,12,16,22.918057241973518,16;32;64;128;256;512,22.918057241973518;12.371296334767857;5.6596082878442795;2.153726471565142;1.9634641372839374;0.2584943207607718,0.2,8,8128,0.9921875,25.842282085533952,27.449969613488065,1.6076875279541127,50.46789074585906,15.771215858080955,3.108548164367676
54,2,0.6157792118253672,1.447785950074159,0.8320067382487918,4.160033691243959,641.504838325045,1024,12,16,23.373676791130926,16;32;64;128;256;512,23.373676791130926;7.632487187317093;5.176443959242179;1.7365558641244798;1.2835448929231308;0.21473321054344677,0.2,8,8073,0.9854736328125,27.449969613488065,28.37671714150929,0.9267475280212238,47.07087428568686,14.709648214277143,3.137402057647705
54,3,1.447785950074159,2.279792688322951,0.8320067382487921,4.160033691243959,847.7661441158773,1024,12,16,20.752497211354374,16;32;64;128;256;512,20.752497211354374;11.902205835733774;6.150378053155115;1.483049986765114;1.359402500165723;0.23410473217667954,0.2,8,7986,0.974853515625,28.37671714150929,28.711532487533987,0.33481534602469765,44.74019408608346,13.981310651901081,3.0823450088500977
54,4,2.279792688322951,3.111799426571743,0.8320067382487917,4.160033691243959,926.0327702951224,1024,12,16,28.51991560436947,16;32;64;128;256;512,28.51991560436947;7.760233914493154;6.31399558548789;1.8559333728518803;1.5901990396058656;0.13496618915401112,0.2,8,7907,0.9652099609375,28.711532487533987,28.877786632772768,0.16625414523878135,42.035451268288746,13.136078521340233,2.8385000228881836
54,5,3.111799426571743,3.9438061648205345,0.8320067382487917,4.160033691243959,964.5501282113719,1024,12,16,23.508968752953077,16;32;64;128;256;512,23.508968752953077;8.339471445374693;6.994118812053972;2.003235466400953;0.9906497142670931;0.21671315406446284,0.2,8,7824,0.955078125,28.877786632772768,28.945636593038216,0.06784996026544832,41.795905214391965,13.061220379497488,3.450639009475708
54,6,3.9438061648205345,4.160033691243959,0.2162275264234248,4.160033691243959,1019.7466544481271,1024,12,16,15.655371381542023,16;32;64;128;256;512,15.655371381542023;8.31829169254641;5.187521063471828;1.6499942129899727;1.3822701869981568;0.1529688067955818,0.2,8,7834,0.956298828125,28.945636593038216,28.9536496863293,0.00801309329108335,41.09961105446509,12.84362845452034,2.972583770751953
56,1,0.0,1.246329034289491,1.246329034289491,7.892822708939426,512.000000326047,1024,12,16,19.06727506015273,16;32;64;128;256;512,19.06727506015273;9.813763401811611;4.5923333316257695;2.0175767218136977;1.2865691954046878;0.22548991308372368,0.2,8,8080,0.986328125,25.38911866012495,26.185405221855035,0.7962865617300849,48.130611217492905,15.040816005466532,2.969011068344116
56,2,1.246329034289491,2.8248935760773763,1.5785645417878853,7.892822708939426,667.9760642242073,1024,12,16,27.108836305656574,16;32;64;128;256;512,27.108836305656574;11.130544062900055;5.697063010852876;1.9415201743750787;1.6590695608531354;0.16535473278974222,0.2,8,7987,0.9749755859375,26.185405221855035,26.61103470309172,0.4256294812366832,43.26115048713811,13.51910952723066,3.1601920127868652
56,3,2.8248935760773763,4.403458117865261,1.5785645417878849,7.892822708939426,844.3517460209921,1024,12,16,25.513228148288,16;32;64;128;256;512,25.513228148288;11.849764968757059;6.515708392001509;1.745335855933401;1.4314297872629471;0.16551998081801225,0.2,8,7898,0.964111328125,26.61103470309172,26.77289243414998,0.1618577310582623,41.84077650517544,13.075242657867324,3.0912349224090576
56,4,4.403458117865261,5.982022659653147,1.5785645417878857,7.892822708939426,919.033943029276,1024,12,16,15.026868646357071,16;32;64;128;256;512,15.026868646357071;7.391005389199918;3.5206912411835427;1.6738227990402936;0.8914202765167685;0.13835232323246024,0.2,8,7746,0.945556640625,26.77289243414998,26.86627950257389,0.0933870684239082,39.72034328843166,12.412607277634892,2.838526964187622
56,5,5.982022659653147,7.560587201441033,1.5785645417878857,7.892822708939426,957.9477667713526,1024,12,16,18.27358481618699,16;32;64;128;256;512,18.27358481618699;6.072513744705994;3.9412809575952883;0.8639016837912856;1.1421624514600754;0.07854954209605965,0.2,8,7652,0.93408203125,26.86627950257389,26.92293456735206,0.05665506477816962,39.4393992639681,12.32481226999003,3.1244308948516846
56,6,7.560587201441033,7.892822708939426,0.33223550749839337,7.892822708939426,1021.5035477932586,1024,12,16,19.89709556855271,16;32;64;128;256;512,19.89709556855271;6.2799128838282;4.478555841611245;1.5057248657500981;0.9746940601301027;0.0760741332621348,0.2,8,7588,0.92626953125,26.92293456735206,26.936250668979483,0.01331610162742436,39.944086372457306,12.482526991392907,3.0894558429718018
58,1,0.0,0.41790462154620356,0.41790462154620356,2.597158254314854,512.0000001058024,1024,12,16,35.653146023187986,16;32;64;128;256;512,35.653146023187986;12.688920476585679;8.130994571054812;2.4881495980670523;2.3044154981066693;0.35496047705046535,0.2,8,8135,0.9930419921875,31.41615333678783,33.860370071895886,2.444216735108057,50.36676881166138,15.73961525364418,3.095449924468994
58,2,0.41790462154620356,0.9373362724091744,0.5194316508629708,2.597158254314854,715.1709125679964,1024,12,16,21.74895957815038,16;32;64;128;256;512,21.74895957815038;8.481352625191576;5.654275136249473;1.9847062249450425;1.396847396261257;0.2224995115272269,0.2,8,8072,0.9853515625,33.860370071895886,35.001514955598395,1.141144883702509,46.87378866878314,14.648058958994731,3.0902628898620605
58,3,0.9373362724091744,1.456767923272145,0.5194316508629707,2.597158254314854,888.3061332804311,1024,12,16,22.040132246459162,16;32;64;128;256;512,22.040132246459162;9.51389811111432;5.394113121935473;1.4802742725792786;0.8149882767974599;0.19843379370793698,0.2,8,7978,0.973876953125,35.001514955598395,35.33480978664011,0.3332948310417123,45.517497621254826,14.224218006642133,3.084182024002075
58,4,1.456767923272145,1.976199574135116,0.5194316508629708,2.597158254314854,936.3858672473663,1024,12,16,22.501578283238047,16;32;64;128;256;512,22.501578283238047;6.120371626863392;6.043688752306891;1.1196960288906899;1.1178575727404252;0.132381698287466,0.2,8,7862,0.959716796875,35.33480978664011,35.58745867863763,0.2526488919975236,44.03050363527068,13.759532386022086,2.9970860481262207
58,5,1.976199574135116,2.4956312249980868,0.5194316508629708,2.597158254314854,968.3432853877072,1024,12,16,19.25422643817272,16;32;64;128;256;512,19.25422643817272;9.817151711344755;4.911447151985368;0.7341853860676818;0.7342559715743759;0.14012278209465484,0.2,8,7778,0.949462890625,35.58745867863763,35.7034405383165,0.1159818596788682,41.93114926230745,13.103484144471077,3.083475112915039
58,6,2.4956312249980868,2.597158254314854,0.10152702931676716,2.597158254314854,1021.9517499035655,1024,12,16,21.21677088514426,16;32;64;128;256;512,21.21677088514426;7.303914104284934;5.357277446656338;1.502112699253824;1.1834531429245514;0.08915960058547591,0.2,8,7793,0.9512939453125,35.7034405383165,35.75814615393756,0.05470561562106013,42.35024815045553,13.234452547017352,3.069812059402466
60,1,0.0,0.39896590298168233,0.39896590298168233,2.917034446440204,512.0000005328088,1024,12,16,21.458538965349188,16;32;64;128;256;512,21.458538965349188;9.627754553966472;5.8860502194615325;1.7530450189275808;1.7497410104227487;0.1352224490420047,0.2,8,8146,0.994384765625,32.44854611469782,34.7101839062816,2.26163779158378,51.20996166232435,16.00311301947636,3.0918431282043457
60,2,0.39896590298168233,0.9823727922697232,0.5834068892880409,2.917034446440204,613.4054492446406,1024,12,16,23.076238475710074,16;32;64;128;256;512,23.076238475710074;9.811406345009924;6.586497561231026;2.09652298072959;1.4903585677286881;0.28445881047606164,0.2,8,8098,0.988525390625,34.7101839062816,36.150631421623984,1.4404475153423846,47.045714596835204,14.701785811511,3.4126579761505127
60,3,0.9823727922697232,1.565779681557764,0.5834068892880409,2.917034446440204,850.5698543219956,1024,12,16,17.24705072052498,16;32;64;128;256;512,17.24705072052498;7.667114029484803;5.7428353784652435;1.3917205226748324;1.4078947967493665;0.22812326398650268,0.2,8,7996,0.97607421875,36.150631421623984,36.61916728821234,0.4685358665883541,44.10937824322876,13.784180701008987,3.06417179107666
60,4,1.565779681557764,2.1491865708458047,0.5834068892880406,2.917034446440204,929.0100616704907,1024,12,16,16.454903229880866,16;32;64;128;256;512,16.454903229880866;6.721759029689152;4.098069456927715;1.0866228257630002;1.009703136923068;0.16220742337297386,0.2,8,7926,0.967529296875,36.61916728821234,36.85931381818955,0.24014652997720987,42.82822409963992,13.383820031137473,3.197817802429199
60,5,2.1491865708458047,2.7325934601338453,0.5834068892880406,2.917034446440204,966.4449666910607,1024,12,16,25.636874691646735,16;32;64;128;256;512,25.636874691646735;9.485047877974482;6.760063294667136;1.4188518677286224;1.32131335120839;0.20774629964290844,0.2,8,7849,0.9581298828125,36.85931381818955,36.96146727644373,0.10215345825417899,43.17258562247643,13.491433007023884,3.1110379695892334
60,6,2.7325934601338453,2.917034446440204,0.18444098630635875,2.917034446440204,1018.5124725730158,1024,12,16,19.949603630609552,16;32;64;128;256;512,19.949603630609552;7.391278920253129;5.287817720682952;1.3937247651867581;1.4571548107211045;0.1976582183912773,0.2,8,7799,0.9520263671875,36.96146727644373,36.996082788478816,0.034615512035088614,41.78273183297833,13.057103697805728,2.8654379844665527
62,1,0.0,0.284259163711142,0.284259163711142,1.9953189509340772,512.0000001888966,1024,12,16,29.89938429614768,16;32;64;128;256;512,29.89938429614768;13.18413483635419;8.621347062065507;2.6881884112338126;2.448141329027038;0.10603342778449641,0.2,8,8124,0.99169921875,39.826805585063994,43.246599962207256,3.419794377143262,50.83243596072825,15.885136237727577,2.9410300254821777
62,2,0.284259163711142,0.6833229538979575,0.3990637901868155,1.9953189509340772,648.1881678684856,1024,12,16,19.072991298177644,16;32;64;128;256;512,19.072991298177644;8.999808069483095;5.270085419945503;1.274791504995332;1.2902973569536496;0.16729364759271687,0.2,8,8063,0.9842529296875,43.246599962207256,45.181032724969555,1.9344327627622988,47.64078844246164,14.887746388269262,3.1278600692749023
62,3,0.6833229538979575,1.082386744084773,0.3990637901868155,1.9953189509340772,851.2749991133762,1024,12,16,22.263381959257107,16;32;64;128;256;512,22.263381959257107;9.702158223419834;6.7625382520848385;1.654972240765961;1.3306614724530659;0.2671342685760425,0.2,8,7978,0.973876953125,45.181032724969555,45.80409290903481,0.6230601840652525,44.4747050508832,13.898345328401,3.0679919719696045
62,4,1.082386744084773,1.4814505342715885,0.3990637901868155,1.9953189509340772,929.1546094455468,1024,12,16,20.27952722221924,16;32;64;128;256;512,20.27952722221924;6.787623043468827;4.721754147680636;1.6562170048732452;0.8412412557717948;0.16243247716274278,0.2,8,7929,0.9678955078125,45.80409290903481,46.166230192175135,0.3621372831403278,43.27591160956095,13.523722377987797,3.050447940826416
62,5,1.4814505342715885,1.880514324458404,0.3990637901868155,1.9953189509340772,967.3500997941442,1024,12,16,17.481146106860834,16;32;64;128;256;512,17.481146106860834;7.0777003245089825;3.291353079204953;0.7397490153224354;0.5450544685797112;0.17309314596559183,0.2,8,7869,0.9605712890625,46.166230192175135,46.336443951469846,0.17021375929471105,42.95665106387586,13.423953457461206,3.067876100540161
62,6,1.880514324458404,1.9953189509340772,0.11480462647567324,1.9953189509340772,1019.3528832535123,1024,12,16,28.405607366845626,16;32;64;128;256;512,28.405607366845626;9.244625233500203;7.436716614236467;2.107368960318672;1.434954496980776;0.11793926406357287,0.2,8,7811,0.9534912109375,46.336443951469846,46.375371402769815,0.03892745129996911,43.14385313574096,13.48245410491905,3.100755214691162
64,1,0.0,0.31816257316728364,0.31816257316728364,2.79982788947236,512.0000004527574,1024,12,16,23.444558008954097,16;32;64;128;256;512,23.444558008954097;9.434018340358614;6.561288019957799;1.687707774806391;1.6981766789810933;0.18533017781002473,0.2,8,8139,0.9935302734375,37.730183464853326,40.41340402147034,2.683220556617016,51.23581868772516,16.01119333991411,3.2241640090942383
64,2,0.31816257316728364,0.8140548158612719,0.4958922426939883,2.79982788947236,512.0000000642176,1024,12,16,22.586545990293406,16;32;64;128;256;512,22.586545990293406;10.623870298927821;6.364503495184273;2.0606348097848985;1.5346507799563749;0.16216351410931634,0.2,8,8102,0.989013671875,40.41340402147034,42.596618696989026,2.183214675518684,45.19031718224366,14.121974119451144,3.1143441200256348
64,3,0.8140548158612719,1.3740203937557438,0.5599655778944719,2.79982788947236,732.3857677541138,1024,12,16,19.25324483124487,16;32;64;128;256;512,19.25324483124487;5.419508768500352;6.416307698562283;1.525019247951725;1.2460530364039384;0.22186435248934425,0.2,8,8062,0.984130859375,42.596618696989026,43.5193241822999,0.9227054853108712,44.11193166038853,13.784978643871414,3.065190076828003
64,4,1.3740203937557438,1.9339859716502157,0.5599655778944719,2.79982788947236,885.0036862278382,1024,12,16,17.65459111488773,16;32;64;128;256;512,17.65459111488773;7.57494714136106;5.568996942999773;1.2628004210182466;0.9341892732530668;0.16784629274878993,0.2,8,7987,0.9749755859375,43.5193241822999,43.87497667095158,0.3556524886516854,42.52985868331983,13.290580838537446,3.038677930831909
64,5,1.9339859716502157,2.4939515495446876,0.5599655778944719,2.79982788947236,942.5407579082963,1024,12,16,23.731454969238314,16;32;64;128;256;512,23.731454969238314;10.866295785848319;7.422816832075812;2.365566328949684;1.2109680769194326;0.2160456008084521,0.2,8,7965,0.9722900390625,43.87497667095158,44.07520540506812,0.20022873411653563,40.824265344547904,12.757582920171219,2.8447439670562744
64,6,2.4939515495446876,2.79982788947236,0.30587633992767227,2.79982788947236,1003.7127587887472,1024,12,16,22.20893380877775,16;32;64;128;256;512,22.20893380877775;8.325572540166052;6.0355628050403665;1.342687818895372;1.5221492586506473;0.15643416056022671,0.2,8,7925,0.9674072265625,44.07520540506812,44.140681924298406,0.06547651923028752,39.79305624817074,12.435330077553356,2.932062864303589
66,1,0.0,0.6482359461981271,0.6482359461981271,4.866097220207967,512.0000002922357,1024,12,16,30.482141777871384,16;32;64;128;256;512,30.482141777871384;14.804681299757041;7.532090736985655;2.2100098053724473;1.9771398425693703;0.2638533916546042,0.2,8,8122,0.991455078125,28.95354354850133,30.348101531155407,1.394557982654078,50.28038493938713,15.712620293558478,3.2502400875091553
66,2,0.6482359461981271,1.6214553902397206,0.9732194440415936,4.866097220207967,587.2116583521271,1024,12,16,19.99278023040805,16;32;64;128;256;512,19.99278023040805;7.958981897083954;4.525588715808854;1.4027166064657295;1.1105530469329243;0.18705216903861654,0.2,8,8065,0.9844970703125,30.348101531155407,31.338960844121175,0.9908593129657675,44.779181551481926,13.993494234838101,3.1007461547851562
66,3,1.6214553902397206,2.594674834281314,0.9732194440415936,4.866097220207967,833.7936524950834,1024,12,16,24.147979776193573,16;32;64;128;256;512,24.147979776193573;12.087691496835868;7.205215097530271;2.252348503924925;2.022507058297255;0.23636032839663,0.2,8,7965,0.9722900390625,31.338960844121175,31.646464177261805,0.3075033331406303,43.22798188589332,13.508744339341662,2.877454996109009
66,4,2.594674834281314,3.5678942783229077,0.9732194440415936,4.866097220207967,921.5786514219266,1024,12,16,25.35769024998379,16;32;64;128;256;512,25.35769024998379;8.767158568741872;6.115880834109509;1.612944476359595;1.1141994210060615;0.14619993891321217,0.2,8,7832,0.9560546875,31.646464177261805,31.79977933279588,0.1533151555340737,42.44207455076068,13.263148297112712,3.0812110900878906
66,5,3.5678942783229077,4.541113722364502,0.973219444041594,4.866097220207967,955.9917261451498,1024,12,16,20.45138494141033,16;32;64;128;256;512,20.45138494141033;7.806232294911588;4.530975240869587;1.3248380453653223;1.0720539593892038;0.14050723929335507,0.2,8,7728,0.943359375,31.79977933279588,31.88087333930889,0.08109400651301257,40.16413289217368,12.551291528804276,2.8170039653778076
66,6,4.541113722364502,4.866097220207967,0.3249834978434656,4.866097220207967,1017.5855609096019,1024,12,16,19.689387821028543,16;32;64;128;256;512,19.689387821028543;7.538449420864307;4.230061178377089;1.09255518146268;0.8817914890174028;0.11839224856321214,0.2,8,7675,0.9368896484375,31.88087333930889,31.892266758484766,0.011393419175874442,40.97494613639152,12.80467066762235,2.8994719982147217
68,1,0.0,0.6566496100799704,0.6566496100799704,4.2593728822656525,512.0000003989967,1024,12,16,22.22224378903354,16;32;64;128;256;512,22.22224378903354;10.64151353050829;7.272558585732774;2.5045289820890586;1.6731524524468335;0.21643604226241503,0.2,8,8100,0.98876953125,31.356635607546195,32.97150096713449,1.6148653595882934,49.797844773381804,15.561826491681813,2.9966540336608887
68,2,0.6566496100799704,1.508524186533101,0.8518745764531306,4.2593728822656525,704.1317612928277,1024,12,16,19.430033999141003,16;32;64;128;256;512,19.430033999141003;8.5355280235242;5.6708533762604105;1.5103996295040383;1.2152385748179244;0.2159555164779252,0.2,8,7988,0.97509765625,32.97150096713449,33.779162794700824,0.807661827566335,46.4918587521766,14.528705860055187,2.814401865005493
68,3,1.508524186533101,2.3603987629862315,0.8518745764531306,4.2593728822656525,877.7410597496939,1024,12,16,19.099397669147645,16;32;64;128;256;512,19.099397669147645;4.403445231730245;4.676799685268093;1.5337430347228602;0.7049318526777901;0.19448668391735818,0.2,8,7807,0.9530029296875,33.779162794700824,33.98237803915981,0.2032152444589883,43.17667714688908,13.492711608402836,2.9985480308532715
68,4,2.3603987629862315,3.212273339439362,0.8518745764531306,4.2593728822656525,929.2004958351114,1024,12,16,17.296492368916716,16;32;64;128;256;512,17.296492368916716;9.670784323379836;4.706230579226041;1.1217999872728897;1.24807901933127;0.25319825271807406,0.2,8,7569,0.9239501953125,33.98237803915981,34.1323820836551,0.15000404449529015,42.50808602038165,13.283776881369263,2.957080125808716
68,5,3.212273339439362,4.064147915892493,0.8518745764531306,4.2593728822656525,953.5435868121959,1024,12,16,19.303928034143286,16;32;64;128;256;512,19.303928034143286;5.79379207857208;4.837115880335225;1.7687827837120407;0.22476842234736036;0.06524635394046527,0.2,8,7277,0.8883056640625,34.1323820836551,34.22011644722079,0.08773436356568709,42.96744433041155,13.42732635325361,2.9655678272247314
68,6,4.064147915892493,4.2593728822656525,0.19522496637315978,4.2593728822656525,1020.3595829117916,1024,12,16,18.638237935282607,16;32;64;128;256;512,18.638237935282607;8.532845731115094;3.067492995513116;1.0145626002457124;0.5515682454529216;0.12403633640996375,0.2,8,7276,0.88818359375,34.22011644722079,34.24857890573912,0.028462458518333733,41.255903477508994,12.89246983672156,2.921823024749756
70,1,0.0,0.3611326448259302,0.3611326448259302,2.679248973466264,512.0000002636311,1024,12,16,28.041695236893425,16;32;64;128;256;512,28.041695236893425;12.394976141515123;5.487575853068368;1.8682353837611554;1.4586083422703577;0.24863727289835566,0.2,8,8112,0.990234375,38.82524012395879,41.41194752897718,2.5867074050183874,52.99251111438637,16.56015972324574,3.101566791534424
70,2,0.3611326448259302,0.896982439519183,0.5358497946932528,2.679248973466264,616.7770413778686,1024,12,16,33.21493868134983,16;32;64;128;256;512,33.21493868134983;10.614478342583329;7.317658684373074;2.0811944131238596;1.5108563356006333;0.31956440680864573,0.2,8,8033,0.9805908203125,41.41194752897718,43.099617828964256,1.6876702999870759,47.07237680976662,14.710117753052067,3.081666946411133
70,3,0.896982439519183,1.4328322342124358,0.5358497946932528,2.679248973466264,853.9049274589235,1024,12,16,26.015680086104837,16;32;64;128;256;512,26.015680086104837;8.812788922639326;5.624061841195231;2.529485750663579;1.6480237923399392;0.22579956871184365,0.2,8,7934,0.968505859375,43.099617828964256,43.572353343479335,0.47273551451507956,43.68920011691978,13.65287503653743,2.989859104156494
70,4,1.4328322342124358,1.9686820289056886,0.5358497946932528,2.679248973466264,928.3962424926893,1024,12,16,23.12773999130917,16;32;64;128;256;512,23.12773999130917;6.228591334707919;5.516904493644635;1.6580126264095478;1.830299806397804;0.10308085621008435,0.2,8,7777,0.9493408203125,43.572353343479335,43.80209005996585,0.22973671648651361,43.42852101242277,13.571412816382114,3.3321330547332764
70,5,1.9686820289056886,2.504531823598941,0.5358497946932526,2.679248973466264,956.5397603911118,1024,12,16,14.914229902297333,16;32;64;128;256;512,14.914229902297333;6.42667280627586;4.36200047875099;0.9072846627091933;0.8114890894207911;0.1783461798891938,0.2,8,7655,0.9344482421875,43.80209005996585,43.97115323127946,0.16906317131360993,42.93639576479238,13.417623676497618,3.1501448154449463
70,6,2.504531823598941,2.679248973466264,0.17471714986732279,2.679248973466264,1018.4572422098195,1024,12,16,19.969759697882854,16;32;64;128;256;512,19.969759697882854;6.600361109960707;4.4955940713864;1.056694364956403;0.6098096292117182;0.1955028388511476,0.2,8,7654,0.934326171875,43.97115323127946,43.975167591823265,0.004014360543806106,41.61529129803843,13.004778530637008,3.259761095046997
72,1,0.0,0.4634117015373238,0.4634117015373238,3.895617412427755,512.0000004889098,1024,12,16,24.61085048689507,16;32;64;128;256;512,24.61085048689507;12.541376086595534;5.809896150876;1.809138388564659;1.5778355832642046;0.2272919124035522,0.2,8,8139,0.9935302734375,35.15610232553445,37.129404032661114,1.9733017071266659,52.957790055606104,16.549309392376905,2.9352478981018066
72,2,0.4634117015373238,1.2425351840228749,0.7791234824855511,3.895617412427755,538.4650820104208,1024,12,16,23.389447986618634,16;32;64;128;256;512,23.389447986618634;9.658206780049943;5.569147116023956;2.4492836825711173;1.7309615396735691;0.17701261693244244,0.2,8,8031,0.9803466796875,37.129404032661114,38.583120344846975,1.4537163121858612,46.689985540349255,14.590620481359142,2.902971029281616
72,3,1.2425351840228749,2.0216586665084257,0.7791234824855509,3.895617412427755,826.4926405759428,1024,12,16,21.274726262906718,16;32;64;128;256;512,21.274726262906718;7.523355929891875;5.354461259641083;1.1767868924065805;1.0575289307598916;0.12769275642267916,0.2,8,7911,0.9656982421875,38.583120344846975,38.983681820798665,0.4005614759516902,44.56921791531599,13.927880598536246,2.8635380268096924
72,4,2.0216586665084257,2.800782148993977,0.7791234824855513,3.895617412427755,914.1370520509307,1024,12,16,26.707438384800252,16;32;64;128;256;512,26.707438384800252;9.032391496052542;5.595800562390424;2.0920227124907855;1.6056580723701686;0.13725995813426387,0.2,8,7793,0.9512939453125,38.983681820798665,39.15775736852083,0.17407554772216827,41.78146787475143,13.056708710859821,2.873682975769043
72,5,2.800782148993977,3.5799056314795283,0.7791234824855513,3.895617412427755,951.3660597666257,1024,12,16,23.015328997410073,16;32;64;128;256;512,23.015328997410073;7.095066386313771;5.285560349564736;1.3101595107856718;1.039170436392606;0.2597081958830641,0.2,8,7639,0.9324951171875,39.15775736852083,39.26885845488869,0.11110108636785299,42.21256658645995,13.191427058268733,2.9691879749298096
72,6,3.5799056314795283,3.895617412427755,0.31571178094822683,3.895617412427755,1013.271403686727,1024,12,16,16.917581706956405,16;32;64;128;256;512,16.917581706956405;9.119625932444608;4.214332881198739;1.5579205155845428;0.9368106506299481;0.27217597653251946,0.2,8,7546,0.921142578125,39.26885845488869,39.31432332575787,0.04546487086918205,40.85211863991001,12.766287074971878,2.9514880180358887
74,1,0.0,0.49219495843033645,0.49219495843033645,3.8192419206274977,512.0000005420256,1024,12,16,27.804889084474173,16;32;64;128;256;512,27.804889084474173;13.04251360761981;6.926411492775322;2.2160803110780383;2.2114671495385267;0.22556676620475727,0.2,8,8128,0.9921875,33.58464267163072,35.31479100056458,1.7301483289338648,52.058300416663684,16.2682188802074,3.176414966583252
74,2,0.49219495843033645,1.2560433425558362,0.7638483841254997,3.8192419206274977,546.5264938567524,1024,12,16,11.13625438536746,16;32;64;128;256;512,11.13625438536746;6.0044132435890445;3.2712467761524944;0.8752619180236602;0.6950972919875822;0.15773815872590413,0.2,8,8081,0.9864501953125,35.31479100056458,36.63990299857687,1.3251119980122894,46.86791035991516,14.646221987473487,3.1179680824279785
74,3,1.2560433425558362,2.019891726681336,0.7638483841254997,3.8192419206274977,790.0851824911985,1024,12,16,19.639126857197446,16;32;64;128;256;512,19.639126857197446;7.959099834376018;5.6413706408085735;1.6619197352423527;0.9987677238773015;0.26245891206183547,0.2,8,8014,0.978271484375,36.63990299857687,37.19349265861092,0.5535896600340493,44.24565439422124,13.826766998194136,3.145228862762451
74,4,2.019891726681336,2.7837401108068356,0.7638483841254997,3.8192419206274977,909.5092225089946,1024,12,16,26.459677350392507,16;32;64;128;256;512,26.459677350392507;10.047087958065577;4.637758921042947;1.6125020806835255;1.4813932882577099;0.2600826302987774,0.2,8,7934,0.968505859375,37.19349265861092,37.391754853772,0.19826219516107813,41.93952629704804,13.106101967827511,2.896742105484009
74,5,2.7837401108068356,3.5475884949323353,0.7638483841254997,3.8192419206274977,950.5840158088056,1024,12,16,19.516672114824154,16;32;64;128;256;512,19.516672114824154;7.209284513574075;4.763912255791411;1.7323705178303213;0.6837685117197867;0.20232275651950737,0.2,8,7836,0.95654296875,37.391754853772,37.52455435396405,0.1327995001920499,40.21460132914028,12.567062915356336,2.946708917617798
74,6,3.5475884949323353,3.8192419206274977,0.2716534256951624,3.8192419206274977,1015.7443182911361,1024,12,16,21.23461664226219,16;32;64;128;256;512,21.23461664226219;6.016527859048064;3.821138856376323;0.955044889192931;0.776083786662762;0.22154378009332834,0.2,8,7816,0.9541015625,37.52455435396405,37.54174129187595,0.017186937911901623,40.42682231713612,12.633381974105037,2.9797468185424805
76,1,0.0,0.6002534176813432,0.6002534176813432,5.20599881229013,512.0000005670427,1024,12,16,26.490053614021367,16;32;64;128;256;512,26.490053614021367;10.277321866805105;8.045577589117745;2.403098448574784;1.8754750622040113;0.18715938163436163,0.2,8,8131,0.9925537109375,33.8833772908838,35.42460409994237,1.5412268090585712,51.98070806900656,16.24397127156455,3.1404879093170166
76,2,0.6002534176813432,1.6414531801393693,1.041199762458026,5.20599881229013,554.7260281411509,1024,12,16,17.31803481033717,16;32;64;128;256;512,17.31803481033717;7.249509313555754;4.994344004714811;1.4160654551981895;0.9676110640436383;0.08848348361262832,0.2,8,8005,0.9771728515625,35.42460409994237,36.508198556053685,1.0835944561113138,46.34943851892865,14.484199537165203,3.1458349227905273
76,3,1.6414531801393693,2.6826529425973953,1.041199762458026,5.20599881229013,821.7698095659941,1024,12,16,22.046919173903216,16;32;64;128;256;512,22.046919173903216;10.436858231991511;6.335255373357414;1.5507713366631242;1.4120845246545572;0.19959460182362915,0.2,8,7916,0.96630859375,36.508198556053685,36.823042329982854,0.3148437739291694,44.38029926784155,13.868843521200484,3.1734578609466553
76,4,2.6826529425973953,3.723852705055421,1.0411997624580258,5.20599881229013,908.9771050057277,1024,12,16,21.56483190802188,16;32;64;128;256;512,21.56483190802188;9.299876838913336;5.5337713852979205;1.4382537504016035;1.0050852151295515;0.1448247086375167,0.2,8,7760,0.947265625,36.823042329982854,36.95727354771225,0.1342312177293934,42.71314772552509,13.34785866422659,3.117237091064453
76,5,3.723852705055421,4.765052467513447,1.0411997624580263,5.20599881229013,949.7004401172866,1024,12,16,12.722325134442759,16;32;64;128;256;512,12.722325134442759;8.946171168114237;3.0379104122543774;1.313038827338893;0.7008988622326081;0.06439736983129607,0.2,8,7523,0.9183349609375,36.95727354771225,37.04400115995668,0.08672761224443093,41.465144406631445,12.957857627072325,2.9155869483947754
76,6,4.765052467513447,5.20599881229013,0.44094634477668304,5.20599881229013,1011.8515113266401,1024,12,16,20.643877990663636,16;32;64;128;256;512,20.643877990663636;8.260912775482279;5.213231865545689;1.2723270535410205;0.7450446226914182;0.180771511532806,0.2,8,7460,0.91064453125,37.04400115995668,37.080449217930436,0.036448057973757386,40.29473594636872,12.592104983240224,3.2327680587768555
78,1,0.0,0.5152786961193877,0.5152786961193877,3.223866514824765,512.0000003494324,1024,12,16,23.597976823513818,16;32;64;128;256;512,23.597976823513818;8.382511127420063;5.085598605314818;2.022203346888624;0.8783495628058953;0.1811185176929562,0.2,8,8086,0.987060546875,38.346257280762075,40.496216883533634,2.1499596027715597,50.08462297572757,15.651444679914865,2.940598964691162
78,2,0.5152786961193877,1.1600519990843408,0.644773302964953,3.223866514824765,726.4826459699392,1024,12,16,29.09643160159355,16;32;64;128;256;512,29.09643160159355;12.112044574646475;8.293408451557813;2.499919925088032;2.0969089301838597;0.21132212320596386,0.2,8,7972,0.97314453125,40.496216883533634,41.46214347908972,0.9659265955560841,46.785149386782685,14.620359183369589,2.9506208896636963
78,3,1.1600519990843408,1.8048253020492937,0.6447733029649529,3.223866514824765,885.1687130771545,1024,12,16,21.000487410258927,16;32;64;128;256;512,21.000487410258927;9.008406595059334;4.042209551263764;1.3076641670272722;1.2472046323499524;0.10793475883909134,0.2,8,7818,0.954345703125,41.46214347908972,41.7486715579289,0.28652807883918285,43.649924745446995,13.640601482952185,2.977077007293701
78,4,1.8048253020492937,2.4495986050142466,0.6447733029649529,3.223866514824765,933.825564566534,1024,12,16,19.85733437444819,16;32;64;128;256;512,19.85733437444819;9.994719785261507;5.806883140140269;1.4305807444727152;1.3712840035543357;0.19479491774020036,0.2,8,7595,0.9271240234375,41.7486715579289,41.912953236547764,0.16428167861886322,42.108075350214015,13.158773546941879,3.1503469944000244
78,5,2.4495986050142466,3.0943719079791996,0.6447733029649529,3.223866514824765,955.0804968650673,1024,12,16,20.893622526539477,16;32;64;128;256;512,20.893622526539477;5.2981634385987775;3.8140915555379253;0.8670398800060989;0.6800931060572936;0.05216846250360459,0.2,8,7383,0.9012451171875,41.912953236547764,42.032457596913446,0.11950436036568135,42.08841281840345,13.152629005751077,3.1046228408813477
78,6,3.0943719079791996,3.223866514824765,0.12949460684556557,3.223866514824765,1021.3645290936934,1024,12,16,24.063092916170355,16;32;64;128;256;512,24.063092916170355;8.30033654612375;3.820122986364854;0.851168918249941;1.0030243798996814;0.11329771004254323,0.2,8,7321,0.8936767578125,42.032457596913446,42.054663333285134,0.022205736371688545,43.30299619422898,13.532186310696556,2.7984530925750732
80,1,0.0,0.49386284927242025,0.49386284927242025,3.1458213892356897,512.0000001229259,1024,12,16,16.643903424243938,16;32;64;128;256;512,16.643903424243938;8.847098704055007;4.256649475742929;1.8166521405318874;1.2328840836549397;0.18370698744073488,0.2,8,8098,0.988525390625,37.390195400454104,39.398469756619306,2.0082743561652023,50.226150561356334,15.695672050423854,3.1685378551483154
80,2,0.4938628492724202,1.1230271271195582,0.629164277847138,3.1458213892356897,705.7089103671137,1024,12,16,25.32846156134929,16;32;64;128;256;512,25.32846156134929;9.019690746670122;4.577120144985479;1.791920450301408;1.588643187907346;0.3540890883726309,0.2,8,7996,0.97607421875,39.398469756619306,40.38708433316788,0.9886145765485708,47.06945515819957,14.709204736937364,3.1262640953063965
80,3,1.1230271271195582,1.7521914049666962,0.629164277847138,3.1458213892356897,869.0399174478395,1024,12,16,22.834434775898576,16;32;64;128;256;512,22.834434775898576;8.316199176403666;4.30115482801781;1.7925112278196393;1.132259774185922;0.1678835646632451,0.2,8,7882,0.962158203125,40.38708433316788,40.750554659811314,0.36347032664343715,44.84494911658986,14.01404659893433,3.1582438945770264
80,4,1.7521914049666962,2.381355682813834,0.6291642778471378,3.1458213892356897,941.8884155305071,1024,12,16,13.501277120666233,16;32;64;128;256;512,13.501277120666233;6.2933247555728045;3.2120582977500183;0.6490235047721585;0.5922615519466949;0.07782288762730835,0.2,8,7730,0.943603515625,40.750554659811314,40.909810237935744,0.15925557812443003,43.664365199555746,13.64511412486117,3.0790929794311523
80,5,2.381355682813834,3.010519960660972,0.629164277847138,3.1458213892356897,958.9462407463278,1024,12,16,22.40853467125613,16;32;64;128;256;512,22.40853467125613;7.381891375616499;5.329932514381861;1.7060099185499777;0.7945588117427808;0.15673001954335855,0.2,8,7578,0.925048828125,40.909810237935744,41.03310897771735,0.12329873978160322,41.762561902148335,13.050800594421354,3.4274041652679443
80,6,3.010519960660972,3.1458213892356897,0.1353014285747176,3.1458213892356897,1021.1414449443525,1024,12,16,23.091542552145995,16;32;64;128;256;512,23.091542552145995;9.549179684709708;5.232699501865899;1.5283488388074118;0.8494676589322925;0.1519349982924639,0.2,8,7525,0.9185791015625,41.03310897771735,41.036933027848136,0.003824050130788237,42.12051167637445,13.162659898867014,2.9615478515625
82,1,0.0,0.4204317546830809,0.4204317546830809,2.765907005002177,512.0000000746036,1024,12,16,23.630946103626062,16;32;64;128;256;512,23.630946103626062;9.43651609930256;4.7632828674518075;2.2132476785366646;0.9003537521938328;0.22037970642328167,0.2,8,8099,0.9886474609375,43.49375148641411,46.25023855175823,2.7564870653441176,50.03296208944411,15.635300652951285,3.1996910572052
82,2,0.4204317546830809,0.9736131556835163,0.5531814010004353,2.765907005002177,733.514288157121,1024,12,16,20.930081407403538,16;32;64;128;256;512,20.930081407403538;8.94419958736814;5.616317897355188;1.459583464963599;1.424094933630506;0.2644119316997988,0.2,8,7978,0.973876953125,46.25023855175823,47.27619566989597,1.0259571181377396,47.37733882723366,14.805418383510517,3.1056690216064453
82,3,0.9736131556835163,1.5267945566839516,0.5531814010004353,2.765907005002177,881.9207443455941,1024,12,16,20.802235278896088,16;32;64;128;256;512,20.802235278896088;8.166868472292613;5.76051145096993;1.7198460719262232;1.0073068516043966;0.1524984843423352,0.2,8,7824,0.955078125,47.27619566989597,47.66614617675077,0.38995050685480237,45.34601901331811,14.17063094166191,2.8973300457000732
82,4,1.5267945566839516,2.079975957684387,0.5531814010004354,2.765907005002177,940.7172786692457,1024,12,16,24.41859293758781,16;32;64;128;256;512,24.41859293758781;8.164787376054782;5.398869460271838;1.0908948132047356;0.5331365299804531;0.15539791839260653,0.2,8,7663,0.9354248046875,47.66614617675077,47.83672368573025,0.170577508979477,43.83931276993472,13.6997852406046,3.2195780277252197
82,5,2.079975957684387,2.6331573586848225,0.5531814010004354,2.765907005002177,955.9999247825897,1024,12,16,22.149419381234193,16;32;64;128;256;512,22.149419381234193;7.731948036208733;4.2826167708128;0.5366050956848013;0.7710783447258448;0.10611891017406512,0.2,8,7533,0.9195556640625,47.83672368573025,47.99310500785941,0.1563813221291639,42.069087444520335,13.146589826412605,3.118691921234131
82,6,2.6331573586848225,2.765907005002177,0.1327496463173543,2.765907005002177,1020.8452573148176,1024,12,16,16.548391607198074,16;32;64;128;256;512,16.548391607198074;8.11262404090361;1.5769819858328942;0.806351402679052;1.100689174586456;0.09974878102171955,0.2,8,7480,0.9130859375,47.99310500785941,48.01278995827306,0.01968495041364804,42.70107413600925,13.344085667502888,3.177493095397949
