t_days,A_mpc,A_base,cum_A_mpc,cum_A_base,F_mpc,B_mpc
0.0000,0.100384,0.100384,0.004183,0.004183,0.298235,0.050616
0.0417,0.101043,0.101043,0.008393,0.008393,0.296491,0.050820
0.0833,0.100170,0.100167,0.012567,0.012566,0.294769,0.051347
0.1250,0.098938,0.098933,0.016689,0.016689,0.292845,0.051029
0.1667,0.099040,0.099032,0.020816,0.020815,0.289468,0.051293
0.2083,0.097288,0.097276,0.024869,0.024868,0.285508,0.051243
0.2500,0.098347,0.098330,0.028967,0.028965,0.284680,0.051940
0.2917,0.098749,0.098727,0.033082,0.033079,0.284890,0.052799
0.3333,0.101159,0.101130,0.037297,0.037293,0.282486,0.052390
0.3750,0.101207,0.101171,0.041514,0.041508,0.281172,0.052146
0.4167,0.101925,0.101881,0.045760,0.045753,0.281829,0.052145
0.4583,0.102777,0.102723,0.050043,0.050033,0.280255,0.052268
0.5000,0.098388,0.098326,0.054142,0.054130,0.279427,0.052174
0.5417,0.099753,0.099681,0.058299,0.058284,0.276935,0.051928
0.5833,0.100585,0.100502,0.062490,0.062471,0.277133,0.051962
0.6250,0.100809,0.100714,0.066690,0.066668,0.277425,0.051853
0.6667,0.098625,0.098518,0.070799,0.070772,0.275077,0.052779
0.7083,0.099219,0.099099,0.074934,0.074902,0.275328,0.052940
0.7500,0.100209,0.100075,0.079109,0.079071,0.274026,0.052932
0.7917,0.100018,0.099869,0.083276,0.083233,0.272959,0.052372
0.8333,0.101940,0.101775,0.087524,0.087473,0.272442,0.053539
0.8750,0.098301,0.098123,0.091620,0.091562,0.271591,0.052970
0.9167,0.100114,0.099917,0.095791,0.095725,0.269193,0.052832
0.9583,0.100751,0.100536,0.099989,0.099914,0.268438,0.053857
1.0000,0.101846,0.101612,0.104233,0.104148,0.268205,0.054598
1.0417,0.100743,0.100492,0.108430,0.108335,0.268705,0.055337
1.0833,0.098766,0.098498,0.112546,0.112439,0.265871,0.055116
1.1250,0.098288,0.098001,0.116641,0.116522,0.262805,0.055064
1.1667,0.098205,0.097898,0.120733,0.120601,0.261631,0.055609
1.2083,0.096994,0.096669,0.124774,0.124629,0.259276,0.055713
1.2500,0.098032,0.097685,0.128859,0.128700,0.256845,0.056924
1.2917,0.098407,0.098039,0.132959,0.132785,0.254351,0.056889
1.3333,0.099045,0.098654,0.137086,0.136895,0.251100,0.057446
1.3750,0.098372,0.097962,0.141185,0.140977,0.250434,0.057722
1.4167,0.096842,0.096413,0.145220,0.144994,0.246490,0.058612
1.4583,0.097358,0.096907,0.149277,0.149032,0.245484,0.059397
1.5000,0.097634,0.097160,0.153345,0.153080,0.243200,0.060142
1.5417,0.097762,0.097265,0.157418,0.157133,0.239659,0.059513
1.5833,0.097059,0.096542,0.161462,0.161155,0.239865,0.059765
1.6250,0.099041,0.098496,0.165589,0.165259,0.238745,0.059685
1.6667,0.098274,0.097707,0.169684,0.169331,0.237612,0.060231
1.7083,0.097825,0.097236,0.173760,0.173382,0.238040,0.060374
1.7500,0.096884,0.096272,0.177796,0.177393,0.235231,0.061166
1.7917,0.097313,0.096676,0.181851,0.181422,0.233279,0.061237
1.8333,0.096725,0.096065,0.185881,0.185424,0.230073,0.061020
1.8750,0.093897,0.093222,0.189794,0.189309,0.228588,0.060932
1.9167,0.094033,0.093333,0.193712,0.193197,0.228304,0.060481
1.9583,0.094218,0.093493,0.197638,0.197093,0.225508,0.061005
2.0000,0.095289,0.094536,0.201608,0.201032,0.223913,0.061237
2.0417,0.095842,0.095061,0.205601,0.204993,0.221080,0.060878
2.0833,0.096187,0.095379,0.209609,0.208967,0.222007,0.061790
2.1250,0.096846,0.096010,0.213644,0.212967,0.220637,0.060542
2.1667,0.097431,0.096566,0.217704,0.216991,0.221203,0.060612
2.2083,0.096874,0.095984,0.221740,0.220990,0.215887,0.059840
2.2500,0.093977,0.093073,0.225656,0.224868,0.216363,0.059518
2.2917,0.094372,0.093439,0.229588,0.228762,0.213788,0.059800
2.3333,0.095569,0.094603,0.233570,0.232703,0.213060,0.060321
2.3750,0.093954,0.092970,0.237485,0.236577,0.212284,0.060246
2.4167,0.094844,0.093828,0.241437,0.240487,0.210085,0.060198
2.4583,0.096846,0.095790,0.245472,0.244478,0.208623,0.060155
2.5000,0.096678,0.095596,0.249500,0.248461,0.206474,0.059519
2.5417,0.096308,0.095200,0.253513,0.252428,0.205881,0.060223
2.5833,0.096583,0.095444,0.257538,0.256405,0.207150,0.060726
2.6250,0.096164,0.094999,0.261544,0.260363,0.207591,0.060853
2.6667,0.098572,0.097362,0.265652,0.264420,0.206697,0.060683
2.7083,0.097818,0.096582,0.269727,0.268444,0.205977,0.060383
2.7500,0.099573,0.098295,0.273876,0.272539,0.204176,0.060153
2.7917,0.098075,0.096775,0.277963,0.276572,0.203182,0.060083
2.8333,0.097490,0.096162,0.282025,0.280579,0.201264,0.059868
2.8750,0.096868,0.095513,0.286061,0.284558,0.200639,0.058806
2.9167,0.097283,0.095894,0.290114,0.288554,0.200535,0.059137
2.9583,0.094770,0.093367,0.294063,0.292444,0.197513,0.059392
3.0000,0.095352,0.093913,0.298036,0.296357,0.197342,0.058987
3.0417,0.096570,0.095091,0.302060,0.300319,0.196791,0.058966
3.0833,0.093516,0.092028,0.305956,0.304154,0.196893,0.058861
3.1250,0.093024,0.091508,0.309832,0.307967,0.194078,0.058800
3.1667,0.094756,0.093195,0.313781,0.311850,0.192226,0.059000
3.2083,0.094030,0.092443,0.317698,0.315702,0.192023,0.058288
3.2500,0.094342,0.092721,0.321629,0.319565,0.191946,0.058588
3.2917,0.096926,0.095250,0.325668,0.323534,0.190954,0.058098
3.3333,0.096708,0.095001,0.329697,0.327492,0.190838,0.058302
3.3750,0.095278,0.093550,0.333667,0.331390,0.190543,0.058400
3.4167,0.096462,0.094690,0.337687,0.335335,0.189887,0.057750
3.4583,0.097596,0.095779,0.341753,0.339326,0.187098,0.057664
3.5000,0.095204,0.093375,0.345720,0.343217,0.184662,0.058363
3.5417,0.094355,0.092502,0.349651,0.347071,0.184431,0.058983
3.5833,0.094697,0.092807,0.353597,0.350938,0.185433,0.058442
3.6250,0.093584,0.091672,0.357496,0.354758,0.186085,0.058774
3.6667,0.093178,0.091236,0.361379,0.358559,0.184992,0.059310
3.7083,0.091778,0.089817,0.365203,0.362302,0.182177,0.059649
3.7500,0.092139,0.090142,0.369042,0.366057,0.180444,0.059167
3.7917,0.091493,0.089471,0.372854,0.369785,0.180349,0.059285
3.8333,0.090646,0.088601,0.376631,0.373477,0.180030,0.059454
3.8750,0.090408,0.088333,0.380398,0.377158,0.179179,0.059789
3.9167,0.088904,0.086814,0.384103,0.380775,0.179408,0.060066
3.9583,0.090495,0.088355,0.387873,0.384456,0.179283,0.059929
4.0000,0.088943,0.086788,0.391579,0.388073,0.178346,0.059345
4.0417,0.086619,0.084460,0.395188,0.391592,0.176924,0.058902
4.0833,0.085589,0.083410,0.398754,0.395067,0.177096,0.058834
4.1250,0.085372,0.083165,0.402312,0.398532,0.177664,0.059072
4.1667,0.084908,0.082674,0.405849,0.401977,0.175655,0.060103
4.2083,0.083540,0.081293,0.409330,0.405364,0.175640,0.059771
4.2500,0.085363,0.083060,0.412887,0.408825,0.176320,0.059846
4.2917,0.086116,0.083770,0.416475,0.412316,0.175761,0.059637
4.3333,0.085636,0.083264,0.420043,0.415785,0.173802,0.058604
4.3750,0.084327,0.081940,0.423557,0.419199,0.172482,0.057634
4.4167,0.083695,0.081285,0.427044,0.422586,0.173478,0.056777
4.4583,0.084468,0.082014,0.430564,0.426003,0.173516,0.057250
4.5000,0.084059,0.081577,0.434066,0.429402,0.171925,0.057043
4.5417,0.084649,0.082125,0.437593,0.432824,0.173228,0.056621
4.5833,0.084792,0.082231,0.441126,0.436250,0.173069,0.056552
4.6250,0.084470,0.081880,0.444646,0.439662,0.172297,0.056252
4.6667,0.084512,0.081886,0.448167,0.443074,0.171540,0.056710
4.7083,0.085411,0.082736,0.451726,0.446521,0.171103,0.056595
4.7500,0.085713,0.082999,0.455297,0.449980,0.170370,0.056248
4.7917,0.085904,0.083151,0.458877,0.453444,0.170390,0.055868
4.8333,0.085328,0.082549,0.462432,0.456884,0.171363,0.056159
4.8750,0.086838,0.083997,0.466050,0.460384,0.170226,0.055985
4.9167,0.088128,0.085230,0.469722,0.463935,0.167276,0.055509
4.9583,0.090181,0.087212,0.473480,0.467569,0.167005,0.056140
5.0000,0.088874,0.085890,0.477183,0.471147,0.166734,0.055619
5.0417,0.089517,0.086485,0.480913,0.474751,0.166276,0.056382
5.0833,0.090166,0.087086,0.484670,0.478379,0.164361,0.056675
5.1250,0.090222,0.087104,0.488429,0.482009,0.164776,0.056225
5.1667,0.090675,0.087512,0.492207,0.485655,0.164284,0.056432
5.2083,0.094026,0.090767,0.496125,0.489437,0.163677,0.057398
5.2500,0.093158,0.089875,0.500006,0.493182,0.162222,0.057256
5.2917,0.093556,0.090229,0.503905,0.496941,0.160907,0.057897
5.3333,0.095438,0.092040,0.507881,0.500776,0.161715,0.057995
5.3750,0.097441,0.093969,0.511941,0.504692,0.161241,0.057843
5.4167,0.097119,0.093614,0.515988,0.508592,0.161204,0.057571
5.4583,0.095906,0.092382,0.519984,0.512442,0.159728,0.056587
5.5000,0.092445,0.088947,0.523836,0.516148,0.158598,0.056500
5.5417,0.090297,0.086803,0.527598,0.519765,0.157789,0.056917
5.5833,0.091336,0.087786,0.531404,0.523422,0.157070,0.057307
5.6250,0.091562,0.087971,0.535219,0.527088,0.158296,0.057441
5.6667,0.091773,0.088141,0.539043,0.530760,0.157179,0.058467
5.7083,0.092092,0.088416,0.542880,0.534444,0.156457,0.058537
5.7500,0.090313,0.086637,0.546643,0.538054,0.155195,0.059063
5.7917,0.088563,0.084887,0.550333,0.541591,0.154076,0.059384
5.8333,0.088557,0.084848,0.554023,0.545126,0.153238,0.059071
5.8750,0.089828,0.086058,0.557766,0.548712,0.151995,0.058995
5.9167,0.091054,0.087225,0.561560,0.552347,0.151534,0.059024
5.9583,0.089951,0.086111,0.565308,0.555935,0.150501,0.058228
6.0000,0.089612,0.085746,0.569042,0.559507,0.149583,0.058194
6.0417,0.089385,0.085490,0.572766,0.563069,0.147374,0.058286
6.0833,0.088792,0.084878,0.576466,0.566606,0.146717,0.058311
6.1250,0.087040,0.083133,0.580092,0.570070,0.144818,0.058091
6.1667,0.086134,0.082218,0.583681,0.573496,0.144745,0.057929
6.2083,0.087205,0.083234,0.587315,0.576964,0.142976,0.057592
6.2500,0.086741,0.082751,0.590929,0.580412,0.142815,0.057579
6.2917,0.087195,0.083165,0.594562,0.583877,0.142429,0.057294
6.3333,0.086538,0.082493,0.598168,0.587314,0.142369,0.057548
6.3750,0.086677,0.082598,0.601779,0.590756,0.141450,0.057289
6.4167,0.085548,0.081467,0.605344,0.594150,0.140989,0.057649
6.4583,0.086753,0.082614,0.608959,0.597592,0.142095,0.057253
6.5000,0.085942,0.081792,0.612540,0.601000,0.141213,0.057284
6.5417,0.084140,0.080004,0.616045,0.604334,0.140345,0.057467
6.5833,0.084481,0.080308,0.619565,0.607680,0.140896,0.057500
6.6250,0.082609,0.078453,0.623007,0.610949,0.140152,0.056847
6.6667,0.082634,0.078449,0.626451,0.614218,0.139631,0.057646
6.7083,0.080731,0.076566,0.629814,0.617408,0.139993,0.058227
6.7500,0.078411,0.074279,0.633081,0.620503,0.140281,0.057583
6.7917,0.076957,0.072836,0.636288,0.623538,0.139670,0.058359
6.8333,0.076122,0.071996,0.639460,0.626537,0.136919,0.058852
6.8750,0.076859,0.072688,0.642662,0.629566,0.136437,0.058912
6.9167,0.077953,0.073728,0.645910,0.632638,0.136464,0.058715
6.9583,0.077104,0.072876,0.649123,0.635675,0.136697,0.058752
7.0000,0.077471,0.073208,0.652351,0.638725,0.135953,0.058715
7.0417,0.077797,0.073499,0.655592,0.641787,0.134452,0.058308
7.0833,0.078289,0.073952,0.658854,0.644869,0.133967,0.058352
7.1250,0.078038,0.073683,0.662106,0.647939,0.132580,0.058326
7.1667,0.078913,0.074510,0.665394,0.651043,0.131572,0.058419
7.2083,0.079420,0.074978,0.668703,0.654168,0.130966,0.059042
7.2500,0.078161,0.073731,0.671960,0.657240,0.130361,0.059045
7.2917,0.078280,0.073824,0.675222,0.660316,0.129714,0.058806
7.3333,0.077270,0.072820,0.678441,0.663350,0.128383,0.059237
7.3750,0.076639,0.072185,0.681634,0.666358,0.127953,0.060191
7.4167,0.075514,0.071072,0.684781,0.669319,0.128332,0.061320
7.4583,0.074479,0.070048,0.687884,0.672238,0.127551,0.061769
7.5000,0.075694,0.071206,0.691038,0.675204,0.127075,0.061211
7.5417,0.076411,0.071881,0.694222,0.678199,0.127762,0.061399
7.5833,0.074944,0.070437,0.697345,0.681134,0.127577,0.061779
7.6250,0.076384,0.071812,0.700527,0.684127,0.127032,0.062241
7.6667,0.075955,0.071376,0.703692,0.687100,0.127354,0.062460
7.7083,0.076564,0.071946,0.706882,0.690098,0.127771,0.062778
7.7500,0.077339,0.072676,0.710105,0.693126,0.127379,0.062538
7.7917,0.077177,0.072498,0.713320,0.696147,0.126328,0.062341
7.8333,0.076318,0.071644,0.716500,0.699132,0.126779,0.062209
7.8750,0.076826,0.072115,0.719701,0.702137,0.127341,0.063448
7.9167,0.077565,0.072811,0.722933,0.705171,0.127103,0.062711
7.9583,0.077458,0.072686,0.726161,0.708199,0.125619,0.062411
8.0000,0.075573,0.070839,0.729310,0.711151,0.124833,0.062382
8.0417,0.076344,0.071566,0.732491,0.714133,0.124505,0.062880
8.0833,0.076685,0.071876,0.735686,0.717128,0.122648,0.062843
8.1250,0.076356,0.071539,0.738867,0.720109,0.122983,0.062983
8.1667,0.076101,0.071273,0.742038,0.723078,0.121504,0.063104
8.2083,0.077320,0.072435,0.745260,0.726096,0.121587,0.063215
8.2500,0.076704,0.071821,0.748456,0.729089,0.120661,0.064250
8.2917,0.075149,0.070298,0.751587,0.732018,0.119927,0.065171
8.3333,0.075762,0.070875,0.754744,0.734971,0.117873,0.065372
8.3750,0.078510,0.073518,0.758015,0.738035,0.118671,0.065891
8.4167,0.078870,0.073851,0.761301,0.741112,0.118926,0.065977
8.4583,0.079244,0.074197,0.764603,0.744203,0.118519,0.066243
8.5000,0.080946,0.075828,0.767976,0.747363,0.117733,0.066641
8.5417,0.080374,0.075258,0.771325,0.750498,0.116998,0.066807
8.5833,0.081439,0.076273,0.774718,0.753676,0.117982,0.065908
8.6250,0.081155,0.075983,0.778099,0.756842,0.117375,0.066909
8.6667,0.081429,0.076233,0.781492,0.760019,0.117581,0.067130
8.7083,0.079507,0.074357,0.784805,0.763117,0.116455,0.066937
8.7500,0.079237,0.074082,0.788107,0.766204,0.116401,0.065894
8.7917,0.078286,0.073147,0.791369,0.769252,0.116997,0.065265
8.8333,0.078906,0.073731,0.794656,0.772324,0.116410,0.065698
8.8750,0.079247,0.074045,0.797958,0.775409,0.116474,0.065994
8.9167,0.079358,0.074137,0.801265,0.778498,0.116486,0.066814
8.9583,0.078623,0.073413,0.804541,0.781557,0.116200,0.067138
9.0000,0.077457,0.072271,0.807768,0.784568,0.115175,0.066236
9.0417,0.078018,0.072799,0.811019,0.787601,0.115099,0.066106
9.0833,0.078050,0.072816,0.814271,0.790635,0.114096,0.066174
9.1250,0.080234,0.074913,0.817614,0.793757,0.113572,0.066232
9.1667,0.080718,0.075368,0.820977,0.796897,0.113575,0.066900
9.2083,0.082810,0.077376,0.824428,0.800121,0.112787,0.067150
9.2500,0.082658,0.077216,0.827872,0.803338,0.114324,0.067573
9.2917,0.081971,0.076538,0.831287,0.806528,0.112288,0.067533
9.3333,0.081290,0.075868,0.834674,0.809689,0.113318,0.067592
9.3750,0.082554,0.077077,0.838114,0.812900,0.112716,0.068235
9.4167,0.081499,0.076045,0.841510,0.816069,0.112725,0.068156
9.4583,0.083417,0.077886,0.844986,0.819314,0.111595,0.067724
9.5000,0.082598,0.077083,0.848427,0.822526,0.112287,0.067739
9.5417,0.083453,0.077897,0.851905,0.825772,0.110753,0.068135
9.5833,0.085264,0.079636,0.855457,0.829090,0.111790,0.068192
9.6250,0.085622,0.079971,0.859025,0.832422,0.110600,0.068556
9.6667,0.085134,0.079488,0.862572,0.835734,0.110165,0.068725
9.7083,0.087311,0.081582,0.866210,0.839133,0.107926,0.068561
9.7500,0.088303,0.082532,0.869889,0.842572,0.106390,0.068056
9.7917,0.090970,0.085103,0.873680,0.846118,0.106727,0.068165
9.8333,0.089791,0.083954,0.877421,0.849616,0.105849,0.068781
9.8750,0.086682,0.080941,0.881033,0.852988,0.104706,0.068725
9.9167,0.087612,0.081834,0.884683,0.856398,0.104311,0.068852
9.9583,0.088466,0.082653,0.888369,0.859842,0.103227,0.069124
10.0000,0.087476,0.081692,0.892014,0.863246,0.103058,0.069583
10.0417,0.087530,0.081740,0.895661,0.866652,0.104043,0.070076
10.0833,0.088251,0.082432,0.899338,0.870086,0.103524,0.070533
10.1250,0.089020,0.083171,0.903047,0.873552,0.104320,0.070886
10.1667,0.090636,0.084728,0.906824,0.877082,0.103737,0.070649
10.2083,0.089222,0.083358,0.910542,0.880555,0.104360,0.069789
10.2500,0.090240,0.084337,0.914302,0.884069,0.104239,0.068967
10.2917,0.089828,0.083934,0.918044,0.887567,0.104709,0.069408
10.3333,0.090423,0.084504,0.921812,0.891088,0.104380,0.069794
10.3750,0.088690,0.082825,0.925507,0.894539,0.104636,0.069133
10.4167,0.087256,0.081433,0.929143,0.897932,0.104870,0.069428
10.4583,0.086226,0.080434,0.932736,0.901283,0.104377,0.069210
10.5000,0.086567,0.080759,0.936343,0.904648,0.102769,0.069273
10.5417,0.088822,0.082934,0.940044,0.908104,0.102729,0.068979
10.5833,0.088238,0.082367,0.943720,0.911536,0.102429,0.068642
10.6250,0.088143,0.082273,0.947393,0.914964,0.102824,0.069758
10.6667,0.088856,0.082960,0.951095,0.918420,0.102665,0.069714
10.7083,0.090606,0.084649,0.954870,0.921947,0.103364,0.070489
10.7500,0.091709,0.085712,0.958692,0.925519,0.102559,0.070153
10.7917,0.093885,0.087815,0.962604,0.929178,0.102636,0.070491
10.8333,0.094182,0.088101,0.966528,0.932849,0.103372,0.071344
10.8750,0.094672,0.088574,0.970472,0.936539,0.101764,0.072139
10.9167,0.092872,0.086833,0.974342,0.940157,0.102195,0.071592
10.9583,0.092659,0.086628,0.978203,0.943767,0.101458,0.071206
11.0000,0.094037,0.087961,0.982121,0.947432,0.101268,0.072221
11.0417,0.092176,0.086162,0.985962,0.951022,0.102433,0.072850
11.0833,0.091358,0.085372,0.989768,0.954579,0.101999,0.073972
11.1250,0.091070,0.085097,0.993563,0.958125,0.103574,0.074321
11.1667,0.091520,0.085532,0.997376,0.961689,0.104166,0.075211
11.2083,0.091195,0.085220,1.001176,0.965239,0.103697,0.075737
11.2500,0.087352,0.081506,1.004816,0.968635,0.103075,0.076566
11.2917,0.087678,0.081824,1.008469,0.972045,0.102989,0.076674
11.3333,0.087291,0.081453,1.012106,0.975439,0.103909,0.076571
11.3750,0.086805,0.080986,1.015723,0.978813,0.104066,0.076769
11.4167,0.088934,0.083046,1.019429,0.982273,0.103137,0.076937
11.4583,0.090957,0.085005,1.023218,0.985815,0.101827,0.076805
11.5000,0.092429,0.086433,1.027070,0.989417,0.102655,0.076907
11.5417,0.092622,0.086624,1.030929,0.993026,0.102973,0.077300
11.5833,0.089594,0.083702,1.034662,0.996514,0.102457,0.077576
11.6250,0.088070,0.082233,1.038332,0.999940,0.101162,0.077811
11.6667,0.087576,0.081763,1.041981,1.003347,0.100931,0.078728
11.7083,0.086319,0.080556,1.045577,1.006703,0.101169,0.079450
11.7500,0.084733,0.079031,1.049108,1.009996,0.100990,0.079400
11.7917,0.083627,0.077971,1.052592,1.013245,0.101418,0.080776
11.8333,0.082983,0.077358,1.056050,1.016468,0.102570,0.081947
11.8750,0.083047,0.077427,1.059510,1.019694,0.100769,0.082098
11.9167,0.081568,0.076008,1.062909,1.022861,0.102671,0.082911
11.9583,0.081801,0.076242,1.066317,1.026038,0.102602,0.083748
12.0000,0.083266,0.077665,1.069787,1.029274,0.102446,0.084103
12.0417,0.083165,0.077577,1.073252,1.032507,0.102794,0.084004
12.0833,0.083139,0.077562,1.076716,1.035738,0.103123,0.084041
12.1250,0.083504,0.077924,1.080195,1.038985,0.105043,0.083834
12.1667,0.083431,0.077862,1.083672,1.042229,0.104800,0.084034
12.2083,0.084152,0.078568,1.087178,1.045503,0.104631,0.083822
12.2500,0.083277,0.077732,1.090648,1.048742,0.106848,0.084082
12.2917,0.083963,0.078403,1.094146,1.052009,0.106404,0.084051
12.3333,0.081117,0.075661,1.097526,1.055161,0.106256,0.083944
12.3750,0.084191,0.078640,1.101034,1.058438,0.106999,0.084180
12.4167,0.086557,0.080935,1.104641,1.061810,0.107153,0.084309
12.4583,0.085265,0.079696,1.108193,1.065131,0.106971,0.084025
12.5000,0.086365,0.080770,1.111792,1.068496,0.107889,0.084568
12.5417,0.084718,0.079186,1.115322,1.071796,0.107040,0.085127
12.5833,0.083945,0.078450,1.118820,1.075064,0.108360,0.085263
12.6250,0.084769,0.079257,1.122352,1.078367,0.106110,0.084818
12.6667,0.084550,0.079057,1.125875,1.081661,0.105788,0.085132
12.7083,0.083559,0.078110,1.129356,1.084915,0.106168,0.086488
12.7500,0.083762,0.078319,1.132846,1.088179,0.106456,0.087261
12.7917,0.084971,0.079502,1.136387,1.091491,0.106669,0.087910
12.8333,0.084520,0.079079,1.139908,1.094786,0.107307,0.088914
12.8750,0.081339,0.076016,1.143297,1.097953,0.107785,0.088507
12.9167,0.082917,0.077555,1.146752,1.101185,0.108189,0.089011
12.9583,0.082505,0.077170,1.150190,1.104400,0.108164,0.089227
13.0000,0.083650,0.078292,1.153675,1.107662,0.107152,0.089042
13.0417,0.084098,0.078741,1.157180,1.110943,0.107009,0.088571
13.0833,0.084010,0.078671,1.160680,1.114221,0.107181,0.089256
13.1250,0.084052,0.078728,1.164182,1.117502,0.108466,0.090209
13.1667,0.083871,0.078568,1.167677,1.120775,0.108459,0.090792
13.2083,0.084193,0.078896,1.171185,1.124063,0.108776,0.091274
13.2500,0.084358,0.079073,1.174700,1.127357,0.108659,0.092287
13.2917,0.083036,0.077811,1.178160,1.130599,0.110255,0.092326
13.3333,0.083588,0.078361,1.181642,1.133865,0.111669,0.092597
13.3750,0.083099,0.077904,1.185105,1.137110,0.110320,0.092526
13.4167,0.083261,0.078077,1.188574,1.140364,0.111835,0.092774
13.4583,0.084983,0.079762,1.192115,1.143687,0.110507,0.093702
13.5000,0.085550,0.080331,1.195680,1.147034,0.111502,0.094137
13.5417,0.084553,0.079383,1.199203,1.150342,0.111554,0.094240
13.5833,0.082279,0.077198,1.202631,1.153558,0.111085,0.094693
13.6250,0.082391,0.077325,1.206064,1.156780,0.111560,0.094393
13.6667,0.082353,0.077308,1.209495,1.160001,0.111724,0.094987
13.7083,0.082800,0.077760,1.212945,1.163241,0.112458,0.094281
13.7500,0.081966,0.076971,1.216361,1.166449,0.111713,0.095218
13.7917,0.081087,0.076139,1.219739,1.169621,0.111193,0.095646
13.8333,0.080495,0.075586,1.223093,1.172770,0.111359,0.096237
13.8750,0.078884,0.074045,1.226380,1.175856,0.111341,0.096041
13.9167,0.077043,0.072282,1.229590,1.178867,0.112328,0.096569
13.9583,0.077585,0.072827,1.232823,1.181902,0.112963,0.097487
