step_size,leapfrog,h_fd,n_chains,n_acc,accept_pct,mean_logα,p05_logα,p50_logα,p95_logα,mean_Δll
0.001,1,0.01,128,94,73.4375,-0.130504,-2.46056,-0.0918386,1.81959,-0.0927767
0.001,1,0.001,128,83,64.8438,-0.754405,-3.2769,-0.319433,1.83977,0.106992
0.001,1,0.0001,128,55,42.9688,-18.0346,-77.4546,-1.7139,1.16787,-0.00756808
0.001,4,0.01,128,95,74.2188,-0.118924,-2.3724,-0.0988195,2.19273,0.185279
0.001,4,0.001,128,42,32.8125,-5.98854,-21.0534,-2.23212,1.48331,0.0881064
0.001,4,0.0001,128,15,11.7188,-135.999,-581.578,-27.5629,-0.0927227,-0.0254388
0.001,16,0.01,128,80,62.5000,-0.677665,-4.18297,-0.328612,2.01364,0.552104
0.001,16,0.001,128,10,7.8125,-21.8411,-90.8923,-10.906,-0.589147,-0.0964585
0.001,16,0.0001,128,1,0.7812,-735.289,-2492.5,-240.433,-20.66,-1.78042
0.005,1,0.01,128,75,58.5938,-0.724659,-3.9395,-0.482646,1.97398,0.151726
0.005,1,0.001,128,20,15.6250,-20.163,-66.3288,-7.55237,0.668813,0.162781
0.005,1,0.0001,128,27,21.0938,-697.716,-3701.92,-69.1165,1.47581,-1.05192
0.005,4,0.01,128,47,36.7188,-4.645,-14.1368,-1.59427,1.29734,0.663382
0.005,4,0.001,128,0,0.0000,-154.063,-515.025,-66.2047,-10.188,-2.32803
0.005,4,0.0001,128,2,1.5625,-3751.92,-17205.9,-802.515,-9.10393,-188.096
0.005,16,0.01,128,27,21.0938,-12.9195,-41.5864,-4.98237,0.491723,2.5871
0.005,16,0.001,128,0,0.0000,-810.006,-3190.91,-297.592,-49.0128,-39.4994
0.005,16,0.0001,128,0,0.0000,-3.81038e+09,-1e+06,-4256.83,-358.841,-10934.3
0.01,1,0.01,128,64,50.0000,-2.07956,-7.34164,-0.819917,2.19896,0.267408
0.01,1,0.001,128,8,6.2500,-83.606,-263.793,-28.4626,-0.977964,-0.688434
0.01,1,0.0001,128,17,13.2812,-2059.96,-7384.71,-173.58,0.465909,-21.0621
0.01,4,0.01,128,22,17.1875,-11.6376,-40.0913,-6.11955,0.987321,0.909664
0.01,4,0.001,128,0,0.0000,-650.63,-2480.61,-237.682,-23.8694,-10.4172
0.01,4,0.0001,128,1,0.7812,-2.01428e+07,-42915.6,-3056.44,-58.2012,-26959.9
0.01,16,0.01,128,3,2.3438,-47.7194,-174.733,-26.7639,-2.59757,-1.92791
0.01,16,0.001,128,0,0.0000,-58508.6,-48829.5,-1458.16,-283.09,-739.985
0.01,16,0.0001,128,0,0.0000,-6.01109e+08,-5.21376e+07,-19468.1,-1111.24,-5.04311e+07
0.02,1,0.01,128,29,22.6562,-8.51151,-30.4198,-3.68212,1.97876,0.531245
0.02,1,0.001,128,1,0.7812,-333.925,-955.637,-120.01,-15.795,-13.8432
0.02,1,0.0001,128,7,5.4688,-14248.8,-43495.4,-888.352,-0.729841,-281.587
0.02,4,0.01,128,5,3.9062,-44.7869,-175.955,-19.5119,-2.21974,0.491925
0.02,4,0.001,128,0,0.0000,-1.2725e+07,-12321.6,-1411.8,-177.047,-15779.3
0.02,4,0.0001,128,1,0.7812,-1.99527e+60,-8.23053e+06,-7373.67,-251.708,-1.8364e+30
0.02,16,0.01,128,0,0.0000,-22870.2,-1242.96,-133.358,-23.2916,-318.876
0.02,16,0.001,128,0,0.0000,-5.37966e+65,-1.04942e+07,-12600,-632.04,-1.11063e+65
0.02,16,0.0001,128,0,0.0000,-6.19512e+64,-1.40969e+14,-255026,-1834.7,-1.97178e+64
0.05,1,0.01,128,5,3.9062,-42.9637,-140.204,-18.3641,-2.89462,0.364917
0.05,1,0.001,128,0,0.0000,-4.91732e+59,-40687.6,-859.201,-105.05,-1.35685e+29
0.05,1,0.0001,128,4,3.1250,-5.51435e+73,-1.33938e+11,-12655.1,-2.5686,-1.44653e+35
0.05,4,0.01,128,0,0.0000,-19244.9,-34172.7,-151.724,-30.3713,-5.52642e+34
0.05,4,0.001,128,0,0.0000,-2.20111e+72,-3.67237e+11,-117517,-779.095,-6.41724e+59
0.05,4,0.0001,128,0,0.0000,-7.07801e+75,-1.05673e+61,-1e+06,-1067.52,-5.10752e+71
0.05,16,0.01,128,0,0.0000,-9.81262e+12,-8.56266e+06,-20991.1,-292.609,-9.80744e+12
0.05,16,0.001,128,0,0.0000,-1.23349e+72,-3.60733e+35,-1e+06,-4652.04,-2.58485e+72
0.05,16,0.0001,128,0,0.0000,-9.67042e+72,-2.31533e+15,-1e+06,-20460.6,-2.06561e+73
0.1,1,0.01,128,1,0.7812,-1319.54,-4898.23,-86.2792,-14.7446,-42.6276
0.1,1,0.001,128,0,0.0000,-1.64267e+61,-6.14268e+11,-19835.9,-568.611,-1.75586e+32
0.1,1,0.0001,128,3,2.3438,-6.06231e+78,-2.92101e+63,-104257,-36.1957,-3.67572e+36
0.1,4,0.01,128,0,0.0000,-1.85524e+66,-4.24704e+15,-71055.4,-257.454,-3.14957e+58
0.1,4,0.001,128,0,0.0000,-3.39815e+74,-1.5938e+59,-1e+06,-2368.27,-3.87627e+74
0.1,4,0.0001,128,0,0.0000,-2.47427e+79,-1.16142e+63,-1e+06,-1613.54,-4.64115e+79
0.1,16,0.01,128,0,0.0000,-1.78612e+60,-1e+06,-1e+06,-575134,-5.93585e+60
0.1,16,0.001,128,0,0.0000,-7.95239e+69,-1e+06,-1e+06,-1e+06,-3.82509e+69
0.1,16,0.0001,128,0,0.0000,-1.84604e+06,-1e+06,-1e+06,-1e+06,-2.85245e+07
0.2,1,0.01,128,0,0.0000,-1.925e+64,-2.36056e+09,-2498.81,-141.812,-5.93654e+30
0.2,1,0.001,128,0,0.0000,-1.6558e+74,-3.08667e+69,-1e+06,-1338.61,-2.86321e+35
0.2,1,0.0001,128,1,0.7812,-4.33306e+71,-3.74804e+65,-1e+06,-15.2126,-1.86308e+35
0.2,4,0.01,128,0,0.0000,-1.58601e+63,-3.60733e+35,-1e+06,-3197.24,-4.33651e+63
0.2,4,0.001,128,0,0.0000,-9.32984e+71,-2.29061e+65,-1e+06,-1e+06,-3.6665e+72
0.2,4,0.0001,128,0,0.0000,-9.43223e+72,-2.0416e+66,-1e+06,-11411.6,-4.73014e+72
0.2,16,0.01,128,0,0.0000,-1e+06,-1e+06,-1e+06,-1e+06,NaN
0.2,16,0.001,128,0,0.0000,-7.31435e+71,-1e+06,-1e+06,-1e+06,-1.19662e+73
0.2,16,0.0001,128,0,0.0000,-2.05537e+64,-1e+06,-1e+06,-1e+06,-8.79533e+65
